date,momentum_20,reversal_5,low_vol_20,volume_ratio,factor_engine,rd_agent_quant,trading_group,aqua,astar,auto_scientist,quant_evolver,evolve_trade,sharp,algo_evolve,recursive_multi_agent
2022-12-09,-0.022479329235206135,-0.03118465237368614,0.0004756738714880358,0.011419961848501291,-0.029513499215184903,-0.010684767567411256,0.0032753400837607256,-0.01327050232536616,-0.010684767567411256,-0.009006229405803277,-0.018699287413047536,-0.03596871550510977,-0.024085503499109064,-0.0304953499852985,-0.004998621885674748
2022-12-12,0.00889437828473623,0.012826847167261823,0.00019348923211886084,0.0031574715525023917,0.01502714301157194,0.015733607169123646,0.006724614529576753,0.017311610386643316,0.015733607169123646,-0.01040089734514392,0.008069627661611716,0.003344981054058466,0.010749568525876588,0.006249192231674164,0.002355336465299263
2022-12-13,0.018314586099799756,0.025712238468416613,-0.012313983733488819,0.000158320089236334,0.023055927376366962,0.024983199957651678,0.025812808256055336,0.022895764354291095,0.024983199957651678,0.02135130085564365,0.024145994950122675,0.02556075021734096,0.03142420209811875,0.029505039340337384,0.014313538159403671
2022-12-14,-0.019689519700848212,-0.018085638922732187,0.005937503916160247,0.013283374413098367,-0.01898285649526093,-0.01522588888546024,-0.002750468810232713,-0.016519731096204925,-0.01522588888546024,-0.008160177693459133,-0.018736246386889487,-0.015211683291370412,-0.005855316103216776,-0.01711997760684797,-0.0022832864828794906
2022-12-15,0.012149774219600062,-0.001350978690913138,-0.002745821607425047,0.004736590447898329,0.012915514379590513,0.005212389882302692,-0.0035402125816328895,0.005212389882302692,0.005212389882302692,-0.009132279544957326,0.004043141973767817,-0.0011981378313310497,0.007354448745751588,-0.0025546122372330357,0.007060449067000279
2022-12-16,0.0070047135099131855,0.0030589657816828186,-0.010865123694279779,0.011947226749532342,0.0030065805423231343,0.0022135899175204526,0.011470722245099749,0.002305443860979317,0.0022135899175204526,0.010634711893510854,0.005607812693762135,0.004448094403917719,-9.628512430492385e-05,0.0006295973370145133,-0.0059629642057278075
2022-12-19,-0.02675573695150857,-0.016894651049364995,0.020930686534508094,0.0028540626217641064,-0.029732467017846043,-0.02299229917078403,-0.021765341519944324,-0.025967703427518186,-0.02299229917078403,-0.011180750603553152,-0.027171418774844257,-0.026812040894671228,-0.015173794485358365,-0.02509284617438914,-0.01717891300638378
2022-12-20,0.012641068789785758,-0.0034105991228857175,-0.006074095342957968,0.0003305482744625658,0.019177045391980067,0.017180407914146743,-0.00031856519526559485,0.016489964910187924,0.017180407914146743,-0.0027562980294012834,0.01694033110191741,0.015456640304639264,0.013730281227148427,0.013448798405877448,0.00021544170798515572
2022-12-21,0.018286276784842844,-0.017703473200888435,-0.009756925228957563,0.0036726388024122506,0.018333574688153154,0.018491384032437202,0.015850550462277627,0.020061268452298685,0.018491384032437202,-0.01573447190834067,0.02047206913456961,0.0193742191058805,0.003137821098343124,0.01597205333724148,-0.006499953240403973
2022-12-22,0.0093171313183728,0.013771129511881763,-0.004175411124698015,0.008052875973926265,0.01134234193258543,0.008451410302629244,0.011924920202127676,0.01083670263697311,0.008451410302629244,0.007414277949881878,0.01285765842904829,0.009580315632951758,0.011051580519330986,0.009713437239344824,0.005251801100526715
2022-12-23,-0.03394419272143363,-0.02968078154970122,-0.0026532749210279685,-0.016375585349562526,-0.04179163642698065,-0.031122071884959097,-0.03335995373882425,-0.03463151228920643,-0.031122071884959097,-0.045512634818209274,-0.037054235617154485,-0.03493383602522443,-0.03186209796355665,-0.04525644964339235,-0.016086474457957425
2022-12-26,0.016324603630421677,0.0005376133586043514,-0.007511456170603456,0.009538623202386113,0.008693946744197803,0.010645186693757072,0.00863682617692839,0.010685186693757072,0.010645186693757072,0.00560458110890565,0.006412090149153914,0.010737004045432496,-0.0038554126289921907,0.015138542828650053,-0.0013048108896188122
2022-12-27,-0.006156188828908185,0.006834028283102337,-0.0034752656886416823,0.004528874450901333,-0.0007130145692489727,-0.01104871611931098,0.0035886824950067944,-0.010859865086444931,-0.01104871611931098,-0.0014995636511652738,-0.001657806362966645,0.003844889639367142,-0.006971306566277111,0.0008431615268112625,0.006221654735852561
2022-12-28,-0.012274423106560883,-0.009843103895306784,-0.008379601073251485,-0.014454854251160974,-0.012266597853812181,-0.010932558918997042,-0.004854743753393387,-0.011510309580565386,-0.010932558918997042,-0.003127493163558138,-0.013556165374860079,-0.010097512008660416,-0.006979257363443803,-0.007842949320235097,-0.010654716508987644
2022-12-29,0.004902124372423509,-0.004998851606659029,0.0033439820755207196,0.0021729398153371832,0.0008226100197065447,-0.0005913164684200338,-0.0028233741773827617,-0.0005513164684200338,-0.0005913164684200338,-0.003159112823994405,-0.0035043672501483903,0.0037560160155032606,0.008261847398407568,-0.0010911359636602595,0.0033911732219000313
2022-12-30,-0.028287738280139155,0.005495965601971441,0.009627696004212557,-0.007817745352555193,-0.021850453834531387,-0.03434514508423413,-0.008708727828737465,-0.03571142874799589,-0.03434514508423413,-0.0017480336917933526,-0.026265454934127182,-0.007309284217306981,0.007573052802896399,-0.018112467392032303,-0.0029282184976561947
2023-01-03,0.0014772434510864755,0.01797818038625943,0.009084350498024219,-0.008210912678682953,0.01074900122493946,0.002054475699375724,0.018018009663830725,0.007407250746747436,0.002054475699375724,0.008057142717846764,0.00726385476563226,0.007189486395797755,0.0023192986844660863,0.00882489925785509,0.012069058682426831
2023-01-04,0.028674010700157352,-0.022765119496057855,-0.02308978931311941,-0.0043614896226335555,0.011307213109979319,0.01858569084872806,-0.011200344181953294,0.018156825316736694,0.01858569084872806,-0.01573568974016724,0.002131578196448856,-0.002282592326817302,-0.02195024134596416,-0.0020747742310702278,0.010935730538275326
2023-01-05,-0.014812005205505754,-0.038321097424721264,0.008658117709906429,0.012796983829445774,-0.03096687250364218,-0.015415701380345292,-0.009522537565197955,-0.015375701380345292,-0.015415701380345292,-0.011010771711482696,-0.020631222567059536,-0.03568289666410653,-0.03283888786837722,-0.03264500607864222,0.003026175750882294
2023-01-06,0.01260619602572678,-0.0067154516425924245,-0.0023667267158875476,-0.0017263398700909309,0.009898265091674094,0.0033642519731899127,-0.009109630711604142,0.0026727220755794865,0.0033642519731899127,-0.004870600757833263,0.014169934237068705,0.005511349900664284,-0.01853406392572186,0.007323929031846708,0.007649680884075905
2023-01-09,-0.0070360275462251955,-0.0001624782108978012,0.0004937806000984321,0.003049731436387302,-0.007297169331967213,-0.003625464373853063,-0.0021988232813020697,-0.003026360626776969,-0.003625464373853063,0.0016481872677079172,-0.0041454499729751204,-0.010110241702981053,-0.011071372258102435,-0.005726588027371852,0.0014194058014185326
2023-01-10,-0.0011359833767729422,0.01657136320828045,0.00756600667787314,0.008288291912029415,0.004559447991315032,-0.0007271097722570928,0.0004369404564558598,0.0024233950159626753,-0.0007271097722570928,-0.004580208380149744,0.002383319164322911,0.005247712739964956,0.001459726373018574,-0.003436573674221168,0.006668244829235475
2023-01-11,0.002711332500798931,-0.0021755210485589066,0.005875458803377693,-0.010282637935833625,0.0013451085443882272,-0.003729075138868089,-0.010001905915780783,-0.001448911929164963,-0.003729075138868089,-0.0012947206771337868,0.00018736472691465328,-0.003940998721960033,-0.0036658698221861056,-0.000589764412224621,-0.00018914965465909235
2023-01-12,-0.003963221626731735,0.0010237745522841202,-0.002739641289333351,0.005857894799726939,0.007686009731025594,-0.0020117948602741036,0.008199646987029683,-0.0002748304521626951,-0.0020117948602741036,0.002348386523440985,0.00611670811434378,0.010913901273376684,0.007172152596741041,0.008485339324166211,0.008395662265435345
2023-01-13,0.0016047707323883196,-0.0030604951869555174,-0.005421756447843172,-0.006035717219451812,0.004036262793150312,0.015266774283062983,-0.009446931312500023,0.015306774283062983,0.015266774283062983,-0.009912245270875874,-0.004309189150259832,0.0032396112311711854,0.008883578637251206,0.005202550432808633,-0.007637535459729474
2023-01-16,-0.006644486289093909,-0.006441206831004467,0.0020377707096831225,-0.009076071530061194,-0.003964522413525103,-0.012660391156162302,-0.010506799785575279,-0.011841668180581385,-0.012660391156162302,-0.00010555605116547532,-0.01217145059804521,-0.004010685321677753,-0.004207578629156376,-0.004043355786758267,-0.008142554540741725
2023-01-17,-0.009634585752204126,0.005243040082551563,0.009756598208488156,-0.0020613205590385444,-0.0037821727368688167,-0.010847335752396532,-0.0026739707150111205,-0.013853607413179207,-0.010847335752396532,-0.014780104809183778,-0.010398392566481134,-0.006239398946841099,-0.003603519489456938,-0.007328303610164283,0.0003769799250414228
2023-01-18,-0.0053432688491511175,0.005124582407115437,0.00909640841460162,-0.0006820234705697852,-0.003523141487208884,0.0014544818395042867,0.00031652009639341575,0.0018622261987802035,0.0014544818395042867,0.01605093094778794,0.000588124406251166,-0.007182383739749483,-0.010644319297430833,-0.004228376748425827,-0.005835206452978519
2023-01-19,-0.0064067697302900035,-0.021919198140341718,0.0039107626132430205,0.01794985545286829,-0.019994496178549384,-0.018206622037675795,-0.005158112470507716,-0.016494242559568776,-0.018206622037675795,-0.011794503167517187,-0.009291562767206916,-0.018126312661290202,-0.015808608033995544,-0.02393327392868697,-0.00039926321072127416
2023-01-20,0.00016628589277343757,0.01677332708240365,-0.009552943862071844,-0.007516998359437111,0.0002971116071113453,-0.003353327816975914,0.019232748207515086,-0.0056742693867404435,-0.003353327816975914,0.01994624519467712,0.001906717482027268,0.006203571919821512,0.022758945327981343,0.010888189434488839,-0.007513796361365421
2023-01-30,-0.007286068093368492,0.00740864042075927,0.028781018125763228,0.002982261716001313,-0.0038605541262152925,0.00580396210147974,-0.016551993233393774,-0.0055042907108910155,0.00580396210147974,0.009691626460473907,-0.014321559467383492,2.0540367961657553e-05,-0.011928281417768333,-0.0038610115412697618,-6.375653131582314e-05
2023-01-31,-0.0003875336006301286,0.022846758806530445,-0.0028764460054653083,-0.02285863339134268,0.01113155273482865,0.0008478128129298583,-0.006231593358878279,0.00011037176531803985,0.0008478128129298583,0.010093896127781084,0.005130742102669502,0.016020843559514438,0.017310247001465693,0.013908159379801237,0.014843452927336277
2023-02-01,0.003705663613890272,0.0037217209699394785,0.0036872662991955974,-0.009150156627274197,-0.0007359527146643692,0.008591216671587947,-0.0010429930060298056,0.004589451154134287,0.008591216671587947,-0.005576361755722667,4.238318850082788e-05,-0.0075165498098370385,-0.0009710893978020716,-0.002384269066359146,0.002281982404060832
2023-02-02,0.004858997407261485,0.01106932891292091,-0.007738321727783038,-0.002370717466052438,0.002357783115057457,-0.0020092256773120544,-0.005069362527767108,-0.00037748002613202647,-0.0020092256773120544,-0.012137721494973124,0.008024472782290352,0.005824509501631429,0.006085294132006786,-0.0031410997845972965,0.001138612871656583
2023-02-03,0.019565719049173685,0.022581659324770024,-0.007999969939124229,-0.020977420696702352,0.015023616106009847,0.01595158136507842,-0.021565091834500588,0.025284384515252514,0.01595158136507842,0.01994768372404946,0.022955661471062278,0.026794479561523105,0.01988810285566071,0.026041137396982498,0.012557954910581244
2023-02-06,0.010220815890715398,-0.01521898936909208,0.00254428406042232,0.0028292674916322678,-0.002467770652099037,0.001981557813003902,0.0006177429379201648,0.001522624592410546,0.001981557813003902,-0.007388765506315555,0.012819745920595198,-0.0009665910664482983,-0.0010950247601403506,-0.0031427816038900056,-0.010014654688983628
2023-02-07,-0.01081292352523373,-0.0128133276418748,0.003909150390663817,0.00645937115596732,-0.009031930608752254,-0.00465898837026882,-0.00413715773937842,-0.0056389031502980975,-0.00465898837026882,-0.006870083023407028,-0.011699255153560014,-0.011979063522456687,0.0016104357025496679,-0.0140246335249632,-0.00595326982616379
2023-02-08,0.005379332804239575,0.006589642014251459,-0.0070179495867285484,0.001749918288854352,0.010564307229741523,0.010423602676400412,0.0032508049423522005,0.008440037575439928,0.010423602676400412,-0.00022633059017994442,0.0028610539745528786,0.00861815449385343,-0.011706929290758715,0.006542632076185162,-0.014107377471042805
2023-02-09,0.00571621826682243,0.012610245384786646,0.001555751779033628,-0.01758887407624262,0.004155153611336273,0.003923584243177377,-0.00043221189687143,0.001339577286756845,0.003923584243177377,0.005647928069766413,0.004502316785668681,0.004703736592976873,-0.002668688915812719,0.0006752181601669021,0.018108879842313873
2023-02-10,0.016712133822659247,0.01365906918017646,-0.005757794788226032,-0.010940010829536984,0.016130159469745137,0.013320138565523006,-0.01303632431774902,0.01522888089486836,0.013320138565523006,0.014542327196608333,0.012247485985790865,0.013777822210381176,-0.0014692679670369009,0.01663102169096033,-0.0016977129271866687
2023-02-13,-0.0040654897777449486,-0.01704470553467599,0.003038456997883443,0.006114188990160805,-0.01316894282708711,-0.002058331105184363,-0.0064212988968163865,-0.006124074679298567,-0.002058331105184363,-0.009742652562038939,-0.009562857762227234,-0.012295294419754854,-0.0031453033203578643,-0.011015756071179095,0.0023911176462038143
2023-02-14,0.030766790907865396,0.015935779886245695,-0.007975137151521905,-0.01741435286738083,0.030644461111132053,0.010759663783654895,-0.019279483679190933,0.022702995035563847,0.010759663783654895,0.015716090132422138,0.02792168076627856,0.0341351306267126,0.02537177166015671,0.03008573437866763,0.005354430986124941
2023-02-15,-0.014087038481033725,0.00042803379861701846,-0.00803324189997701,-0.002835178343105263,-0.014645217016874943,-0.002376053344061006,0.006801115990789116,0.00012919934119025184,-0.002376053344061006,0.00829331575319487,-0.0024755114705325115,-0.003749007768342382,0.0002528917304829082,-0.0015326847710570419,0.0052769426939443965
2023-02-16,-0.009048776582469704,-0.007574390661371138,0.010637282427014573,0.012409282227102478,-0.011073221550826174,-0.009570017348884451,0.006004837551444772,-0.012528072291672219,-0.009570017348884451,-0.012173816294675337,-0.01504355858236382,-0.018289345520253544,-0.0023597178168355513,-0.006348390463845629,-0.010625957515179255
2023-02-17,0.015487987465460252,0.01660859936648942,-0.0006466874412444161,-0.01912612998299206,0.019653318007138647,0.0011111761929773025,-0.020882732711708776,0.00013675185518552898,0.0011111761929773025,0.012795838729342856,0.003142433174039493,0.02161073934501691,0.0025662308272682262,0.023342136963942658,0.0022186934694855692
2023-02-20,0.007051898740807393,-0.0121145594586321,0.02033130434822419,-0.006171089519740455,-0.0019147275957329911,0.014098882806242488,-0.013415586169346166,0.008409780450362898,0.014098882806242488,-0.008089012761474227,0.006276085445979257,-0.00591525168263471,-0.0008496208502276427,-0.0029960580806145916,0.0005432415244027414
2023-02-21,0.008793112660010973,0.007557707501515039,-0.0038666545891517185,-0.009041600848997454,0.009442932096877342,0.006799589868291136,-0.00643748330074314,0.009261786019624121,0.006799589868291136,0.0005540470821286515,0.007857241456878186,0.008104651004950742,0.009965735959618199,0.009844536663384584,0.010926830723177504
2023-02-22,-0.012774263747049935,0.0006343661917143069,0.015985388083424885,0.012426670026359225,-0.012828632601233115,-0.012040205693076053,0.01580258093745393,-0.010359146283075903,-0.012040205693076053,-0.0022167727554885963,-0.01615857904411001,-0.014185546981234153,-0.005785180684760621,-0.005992207409638153,0.007197271654458776
2023-02-23,0.010758031633614615,-0.013863652030261978,-0.007000633673851407,-0.006190103871649342,0.0022528016738604033,-0.0004107487904184468,-0.014795283594149911,0.00350742713050674,-0.0004107487904184468,-0.0014688369375768229,0.002704569781628634,0.00046403089028210903,0.005821969279720844,-0.0007203763732473682,0.006917897446501295
2023-02-24,-0.0025609132895444016,-0.016841206105373544,-0.0035869933469146217,0.003799818222196692,0.0011492219618567084,-0.008053985909488732,-0.010741497185292298,-0.002398273777412142,-0.008053985909488732,-0.008634216735191883,-0.0028378817233554966,-0.0049924554656546015,-0.006432224668558633,0.00035122188765043095,-0.008612703507805792
2023-02-27,0.010446990569610855,0.007276095464038567,-0.0019265908152316974,-0.009592597566574153,0.011423902403360258,0.013761229634646408,-0.010726368091885968,0.014505255514473122,0.013761229634646408,0.008926897764428439,0.014289830750801502,0.005795344700654288,0.002891124034948272,0.012065710825683989,-0.0015880194153914228
2023-02-28,0.015792689787799966,0.018716029026230742,-0.009728493402263543,-0.02188471116878263,0.015076960935928052,0.01798400973368197,-0.013697915099114763,0.01714105185675015,0.01798400973368197,0.01972016657677666,0.018804894509099175,0.022127908588718097,-0.0006628227779124969,0.020200815274161423,0.022201287341424583
2023-03-01,0.01637617234292037,0.011082077648353013,0.009696509250877169,0.0014844765066600208,0.02470851539817364,0.014167475768783274,0.0009998963930117578,0.013185300432297282,0.014167475768783274,0.009611815425527769,0.02176370922158592,0.021565397219036626,0.012091378165681751,0.022841421204425626,0.015099952190123106
2023-03-02,-0.02437815896964023,-0.02326014072049001,0.0130632289679326,-0.0019415021268723355,-0.021006129108238725,-0.0215577537209511,-0.0128284377699103,-0.021708339082162086,-0.0215577537209511,-0.006046743810267015,-0.01938530917869755,-0.01804039469965492,0.006956594259918323,-0.01817420591496294,0.004758857255363713
2023-03-03,-0.015058507023488165,-0.011921920038840558,-0.0009323264942644795,-0.013472162008392017,-0.02145437671839323,-0.014470450958936067,-0.03277976627403048,-0.01307907477919827,-0.014470450958936067,-0.008795314255869076,-0.02073900061673305,-0.008727368594731926,-0.0227046684358103,-0.014772184110593587,-0.0029334917031812336
2023-03-06,-0.005679638658325983,-0.009252737003332545,0.011399927869324453,0.005762806173959398,-0.004210811849586046,-0.011045308784914182,-0.0009998216073237864,-0.011769360895436145,-0.011045308784914182,-0.004703387507512552,-0.00418172352186152,-0.005741148560455709,-0.011906075194070751,-0.001545260333681902,-0.015468074803716042
2023-03-07,0.00855185320094102,-0.0025724162505431753,-0.0004989465446815049,-0.002919860363474201,0.004936137368062497,0.0011349537292656621,-0.0024322999866766204,0.0011349537292656621,0.0011349537292656621,-0.0031079119565414455,0.0009582678547942751,0.005590656803065813,0.012674295980585993,0.004727142374302922,-0.011244544084376612
2023-03-08,0.016971015441426606,-0.006600032242821355,-0.00489805702503913,0.005611253775703754,0.003195463746462892,0.004678314202714801,0.0015503199880500863,0.004754283072415937,0.004678314202714801,0.0023349944556504128,0.010926000059737644,0.00396186524501662,0.009952853550921285,0.0018381213859102788,-0.0004189236656041461
2023-03-09,0.003732883788676714,0.010888418876244053,0.006415562056986015,-0.008267169118131194,0.0036928837886767143,0.006154004220266556,0.0010046507958261376,0.01104891460735652,0.006154004220266556,-0.0014191731412307445,0.008252061323248051,0.004089786019601427,0.006722431871799055,0.00696637766491154,0.0027141551585015923
2023-03-10,0.03411174345610709,0.012787738296810243,-0.0073122071810396705,-0.004150230650094651,0.03571063313057299,0.033462101604957904,-0.0005733293839238515,0.033462101604957904,0.033462101604957904,0.013047722670773549,0.0335617479319765,0.026953357400160603,-0.011195924550484857,0.039205349533267514,-0.0005332497475278341
2023-03-13,0.004728862186353863,0.0030811591541443934,0.0127846546010765,-0.010961124776751905,0.004382439131303196,-0.000251132491033412,-0.005559488856765966,-0.0010962907045138914,-0.000251132491033412,0.0068779819380331625,0.003787705907209319,0.0029944636987335213,0.0020296979738483874,0.0035752884095436115,0.004863613980456961
2023-03-14,0.004377138116232623,0.0013730270526820703,0.03012278603601595,0.0040294120272572525,0.0030531834228960746,0.0034261776914259,-0.006820617200151202,0.005184551646238202,0.0034261776914259,0.0009102508904593373,0.0033870684123292337,0.006339983695512673,0.010491239984188617,-0.001366236902902925,0.0025112110053785103
2023-03-15,0.02312660716463404,0.021575598077129762,-0.011476965468120753,0.002313072363163598,0.024420727180265802,0.019522837248212847,0.006554075575921609,0.01630133672797819,0.019522837248212847,0.014304093258461381,0.01753581671022176,0.010817236373110047,-0.0002823433931173077,0.02085054253916911,0.008319950230356891
2023-03-16,0.018281118889976602,0.004662163477739277,0.012977075999420891,-0.006605136987881839,0.015283405211369602,0.02881759824195147,-0.017746679708320983,0.02881759824195147,0.02881759824195147,0.01216571189974063,0.020228472802170692,0.012514432174202412,-0.003616544517375898,0.029044530471665594,-0.004471691060010128
2023-03-17,-0.011986248385161618,-0.015648988468659104,0.005841629933903865,-0.007809182793135397,-0.01825392977623009,-0.009671455531536697,-0.00852715676115553,-0.018131833091222866,-0.009671455531536697,-0.020187080687994987,-0.010515312215450075,-0.010075427352888026,-0.01511429980259808,-0.01114977492102108,0.0054589328414879805
2023-03-20,-0.023630300713834682,-0.036036879005136954,-0.009993069361021827,0.0016620001287302602,-0.031783221069629844,-0.02628854454110769,-0.0061365368142920875,-0.024103771133347905,-0.02628854454110769,-0.024246999276898717,-0.026716415121196,-0.02412526224597495,-0.016798180276129452,-0.02984852451127739,-0.007578553066129564
2023-03-21,0.007354270749400051,0.02937782362614971,-0.0020474684038714257,0.002426848420829406,0.009196837228228439,0.015305777289912326,0.023434004620991152,0.014910213366557594,0.015305777289912326,0.014173907102519744,0.012743782937344727,0.025416318860031917,0.010421566390673988,0.01890921966950976,0.004746528104004779
2023-03-22,0.005590955217598189,0.0320824205206783,-0.03509646197050232,-0.01337586789218766,0.025247875318804288,0.01003649675989579,0.006768313737338618,0.008911027934943666,0.01003649675989579,-0.0006166975782385224,0.023816859110226945,0.026695650531334644,-0.008203688721305037,0.019480392113049843,0.011202935067631528
2023-03-23,-0.0007293138278883538,0.02301694337336699,-0.02000702371608155,-0.010753496731639308,0.008005095840856331,0.007944376615499951,-0.005840396771592625,0.0029202926256343444,0.007944376615499951,0.03143072286652574,0.010652760254509678,0.01593858888801219,0.00013630243904638089,0.013589889848346968,-8.407077761541032e-05
2023-03-24,-0.015358668196986494,-0.008886661864299239,0.013543029296235215,0.005392698263576984,-0.015020576606531581,-0.009516968864901306,-0.02216416518786183,-0.013345285948343081,-0.009516968864901306,-0.009136639268598545,-0.01688556830396247,-0.01856776311102156,-0.02021692720691221,-0.012936226951350832,0.002003402628842231
2023-03-27,-0.002599041986887201,-0.04173345050530313,0.010688165824385235,0.02467443810069709,-0.021609827555040404,-0.019546301462251035,-0.005373397088310017,-0.018235983658786224,-0.019546301462251035,-0.033474115791937896,-0.027346679401883997,-0.02930469081846213,-0.04520079224669102,-0.021297017038034226,-0.005387361208338006
2023-03-28,-0.0009230901462096245,0.011330101556732537,-0.0115847859797275,-0.014228842502186121,-0.0013105303606906534,-0.008083359028805867,-0.0017171542078401568,-0.007111711878191335,-0.008083359028805867,-0.010181047064183895,-0.0058256933658652685,0.0035253016107600855,0.0028922776520486364,-0.007286583351047255,0.004811994279977614
2023-03-29,-0.010945321883544284,-0.0027725492595529217,0.014353211815491186,0.005970686727783658,-0.017201518642333005,-0.016206904459329256,-0.0030245037477743516,-0.01561858906912192,-0.016206904459329256,0.011506794499004342,-0.023791410062184035,-0.023294566920001113,-0.02600877468315173,-0.02628458135442635,-0.009198381454951027
2023-03-30,0.027621005092754624,-0.009838946317744401,-0.019924010881501177,-0.011402347164316309,0.0257415111410581,0.02974411405879105,-0.020474464476156518,0.0366819312934289,0.02974411405879105,-0.027729758595092767,0.02974314854636809,0.024662151837902737,0.007878672861676452,0.025127944092687718,0.019950536301761444
2023-03-31,0.02072916910920793,-0.0061140663012316295,-0.03691764642179518,-0.015873437922580447,0.02725286362787753,0.02355626387493346,-0.05276436466913282,0.019691498423362635,0.02355626387493346,0.004363920478426372,0.02921771726045164,0.021837005460114065,0.021063848795603024,0.018267556829878354,0.005309605205589113
2023-04-03,0.042592889472006505,0.03162676719456901,-0.01704821465536824,-0.0032911352696830833,0.04035727509993728,0.03506688986249801,0.0030765721067459242,0.033320177652394464,0.03506688986249801,0.015732589741050285,0.03532425825512685,0.024823512958243123,0.017124133209417535,0.028546545391411264,-0.015541547494378792
2023-04-04,0.007203795497369109,0.006731760218604418,0.004406230927733287,0.011226973705193766,0.013506293500110515,0.011632646359293007,0.007264408021044181,0.005469596925893579,0.011632646359293007,0.015484731463306884,0.007542281814212807,-0.004847359584309654,-0.01099132058552928,-0.009298261982627051,0.010463089666239139
2023-04-06,-0.010956465574260558,-0.015598475947921228,-0.009284381363033322,-0.026568860600610054,-0.011113441597779123,-0.017996406569143926,-0.021600710744792705,-0.015383479700897922,-0.017996406569143926,-0.0033970426932099225,-0.00981341342655918,-0.011844090371417827,-0.011135528959067102,-0.015239429708632068,-0.0074287200559571024
2023-04-07,-0.023634806868803402,-0.02078558071619274,0.022500491527069434,0.012184431729294128,-0.02363847217937264,-0.02729094568519965,-0.025695897744764166,-0.025387873888774344,-0.02729094568519965,0.007753568721043678,-0.021741750430292438,-0.02129169200965926,-0.019273989614035467,-0.02354430172640127,-0.010763255623133142
2023-04-10,0.010797985186304123,0.001924289402951957,0.010037896734206936,0.0018118004748081725,0.0006765946972401424,0.011076730868368672,-0.0010681229894761962,0.01457359564169638,0.011076730868368672,0.011020559389127138,0.007098810577968537,-0.005243707111072881,-0.013553545834407078,-0.0008018781247108686,-0.01667603148800678
2023-04-11,0.035710488508350534,0.034170440221477805,-0.0037812355227643635,-0.015166900204168561,0.03665305957210504,0.03069154021266987,-0.01931291763972592,0.02898642898417128,0.03069154021266987,0.019992091972104834,0.03328392857105448,0.0232773089372068,-0.0005836524843269989,0.018020673860348498,-0.01300394721521045
2023-04-12,-0.0449055446269235,-0.02232113569118225,0.031121498724701026,0.010833522496853982,-0.047162348871426896,-0.029405086669888596,0.003809240131146855,-0.032851890866834564,-0.029405086669888596,-0.016265861036978125,-0.046004816642482994,-0.03479382511460221,-0.02110174537230703,-0.036901899669168035,0.0068726815711805354
2023-04-13,0.005714004538546999,-0.002097985685555996,0.0001966340106473685,0.018253410404117945,0.003141230666809157,-0.0018391097925990474,0.0005662227249173025,-0.0020484863512025327,-0.0018391097925990474,0.004066902836825147,-0.0009098097867913557,0.007374773093900094,0.0008484994635588917,0.002065050415010946,-0.0028392631584609283
2023-04-14,-0.01858106950819702,0.009006200213224116,0.008644594150922358,-0.0023211857925799647,-0.026795788095685325,-0.0015543774670181564,0.013647795781891955,0.0003603610750657832,-0.0015543774670181564,-0.009483270467369498,-0.018462423111876177,-0.017967251818321883,-0.010838404681478226,-0.013791556022300503,-0.0006717686007292497
2023-04-17,0.0014962601260763587,-0.00550742644407987,-0.01800813357982052,-0.002725280769578273,0.0007469918920035246,-0.01993141959761873,-0.013217567937718982,-0.009061478888271354,-0.01993141959761873,0.0012539875901748441,0.003779581104823911,-0.0021711748813450786,-0.007971257778865941,-0.008786850614649368,0.010921933742979464
2023-04-18,0.000667989424988284,0.0017473710373384342,0.005581504489549112,-0.003668117470628406,0.0034303943443759364,0.0002757229839299006,0.003568903566199688,-0.002184870913203071,0.0002757229839299006,0.008000648830320062,-0.002392085361403751,0.003849752502859414,-0.012729104822419748,0.004385039215643402,0.0011949165360113907
2023-04-19,0.057241398773245154,-0.030968087797410723,-0.03358197180686401,0.034097358078539246,0.051464995780061494,0.05231798004431859,-0.02471732981656031,0.05083623662958073,0.05231798004431859,0.012924316194097847,0.05119957687934653,0.03350854356654437,0.001828903339048416,0.030791949242896077,0.0028620861713839697
2023-04-20,-0.019686247299271726,-0.015877698044132655,-0.006460498287416634,-0.015578506668998453,-0.01459358093721615,-0.01004330994236651,0.00782648103025185,-0.01862168971726146,-0.01004330994236651,-0.007743501008533119,-0.012973606226417134,-0.004991930735937535,-0.0002941621479522408,-0.003013915961154912,-0.014530942299446658
2023-04-21,0.01166042735118511,0.027675284968545384,-0.018866885214415884,-0.010982612710416605,0.020887980657117215,0.012286595746829027,0.01878069533192275,0.014862491324681126,0.012286595746829027,0.027557135979914396,0.016335508530045787,0.018919969581307587,0.00013033958371402561,0.013078216758972054,0.003924341182798306
2023-04-24,-0.012000508952921304,-0.0028931989766268536,-4.289208648108835e-05,0.012955772622991838,-0.013597193920314166,0.0007646121772385254,0.002830149609279736,0.003124462539407509,0.0007646121772385254,-0.005758335714110621,-0.016299531037818893,-0.012842422325172053,-0.011220715210920237,-0.0022091297539131786,-0.007129380186545698
2023-04-25,-0.04837846802154331,-0.05133801328514181,0.01306412618354605,0.011898407189833086,-0.05539718004065284,-0.04380098429151173,-0.027364858793458072,-0.05379030050775851,-0.04380098429151173,-0.02262286882199914,-0.06169235194277073,-0.0325194904747847,-0.007841771206187117,-0.04828303592722433,0.0032003221699504303
2023-04-26,-0.005663856833768072,0.0007253885564490704,0.016892754208642387,0.00651763394482876,-0.015564877701480266,-0.009023832276351033,0.01851632552474238,-0.00714515892786837,-0.009023832276351033,-0.015102909184908763,-0.013324351568110631,-0.014436515598311897,0.010936189950036323,-0.017951827303234524,-0.0039300590462401745
2023-04-27,-0.013545967756875023,-0.04045513825925559,0.0019938670254245556,0.004478479961435341,-0.030680998343021945,-0.005861107721966954,-0.036546530347668,-0.004480037996357776,-0.005861107721966954,-0.023956907141075942,-0.022162324340095862,-0.023028356991311522,-0.031129873049698952,-0.01985789335119683,-0.006479377766060001
2023-04-28,0.0013882683446138394,0.04308411312383546,0.015618999181155524,0.007089540041775698,0.011108088836322633,0.014759639872676223,0.022645175130803632,0.0045631332778077,0.014759639872676223,0.020660784300554298,0.0064860802216453895,0.010752138710685184,-0.006015074154867705,0.011176560679793139,-0.014601059864345895
2023-05-04,-0.013375875088158894,0.02822501605056046,0.012010443534623761,0.00021141192902467357,0.0018364676327199427,-0.0070363634062623375,0.02953344475091558,-0.0044290694494570374,-0.0070363634062623375,0.01814900315793035,-0.011840788929386496,-0.0014692897913661483,0.010959533091227752,0.003725455694992664,0.006314858800470353
2023-05-05,0.01658080715450651,-0.012412870243940801,0.015501511913573865,0.008382004831766966,0.01925115576250164,0.01319878950756943,-0.017022253065674214,0.011860319159494849,0.01319878950756943,0.01675878646368291,0.017847916790528776,0.011209795456975969,0.005117349036058765,0.017155051306876657,0.010327847686889659
2023-05-08,-0.030482507285319895,-0.01039017557942023,-0.017768670272262303,0.019300916796641542,-0.022660890514800285,-0.019970793832023315,0.01078101195062975,-0.020188256756994823,-0.019970793832023315,-0.01395243841877041,-0.030055271180078044,-0.021221213306521606,-0.007559952797111295,-0.02451118287652439,-0.009052614517630876
2023-05-09,0.0065242645640115225,0.02241096271681439,0.008875429795044108,-0.02037737015343214,0.010598124966191232,0.0074373307322738655,0.0009898135721819966,0.010292990665808311,0.0074373307322738655,0.003861039120799999,0.00937081206092846,0.00470998152685845,0.01821415448004097,0.008771321323422064,0.03193182390778207
2023-05-10,-0.01890274704239467,-0.009879852958716191,0.008826296611513585,0.0026079278468883497,-0.019538960686196396,-0.013563325786410554,-0.007249192839534302,-0.013135209448499347,-0.013563325786410554,-0.016455681562849843,-0.012875253937223118,-0.010198694040613247,0.005519154077800713,-0.019107273064518558,-0.014740413787717625
2023-05-11,0.002615767421216048,0.0023727288509346888,-0.002403886378121354,-0.0054571289265310146,-0.0021952046236672637,0.010957232915092652,-0.006266756507918972,0.012943109910316027,0.010957232915092652,0.0018817203060399158,-0.0008763192212000379,-3.748844548682803e-05,-0.004036238465752479,0.001613063631871118,-0.005117176838529327
2023-05-12,-0.001241940091943139,-0.009340345595446874,-0.002482686717957171,0.004636624606515749,0.0028843688649385696,-0.001395908717112947,0.0029867400137597562,-0.010588697928769571,-0.0013568956608685854,-0.011417319688649676,0.0006436893475172635,0.005791788258748552,-0.004368706291477631,0.0031827536752985436,-0.003245826294826238
2023-05-15,0.013336831043660602,0.0015527521202304286,0.01377952333437167,-0.008187496726054988,0.012537289389472026,0.008845797763828189,-0.013154649495402924,-0.02140428556830699,0.007775202798422871,0.0028194149779298015,0.011811086833100594,0.010937301333487762,-0.0070280419675513755,0.016956148863449438,-0.007305826570344083
2023-05-16,0.017123258581424078,0.019058165636403883,-0.013511932792247276,-0.015149541001959024,0.022385184855290792,0.010849755116115816,0.002962797696793857,-0.0006542488984602666,0.022538118867065284,0.0011330124711536151,-0.0020456216451957016,0.0010063521463850385,0.01859214325712044,0.010451956944248235,0.026378987911947847
2023-05-17,0.010087280261912076,0.006195412636058607,-0.019587198236172387,-0.02691323647945741,0.020815721211270045,-0.0009775021630474099,-0.009957223253899788,0.018440663356121947,0.025557791033576076,0.0032018462197664806,-0.014530233272228093,-0.005514187540858846,0.034601276255481504,-0.005456268941388238,-0.0024549999629846445
2023-05-18,0.009976667120238245,-0.010065214712900363,-0.009577170206203044,-0.003493450393767386,0.0032654172482738894,0.010005061594266791,-0.017899121811245984,-0.01068649279702347,0.002550895259343933,-0.005533022867744938,0.0021500295230625034,0.004459440568407469,-0.0035496171912508838,0.007466731589015669,-0.013798625591998412
2023-05-19,0.008620516480337098,0.00817667320581388,-0.0022279295178454033,0.0006217398768043577,0.007086665217104743,0.01660278341013524,-0.007638137439594071,-0.019661276094863404,0.007366257778443563,0.016203973878491876,0.01793646431611952,0.019940868431533892,0.003436106310876905,0.019860868431533892,0.006538094021481281
2023-05-22,0.003881854720069426,0.009075928220965496,0.006720301228733218,-0.002163187131500528,0.002361230395879922,0.012392675144821274,0.0028470108334312794,-0.0062740984632692915,-0.003129636473239075,0.0026827635023358594,0.014140075962789388,0.006032149268549458,-0.0057341976869659,0.005092192093473038,-1.8434128281990777e-05
2023-05-23,-0.0006502406822839092,-0.010803534395508718,-0.00905201588686448,-0.0033617799298762195,-0.0018021952030622737,-0.010568542497837383,-0.0025296463816366775,-0.0022032205022018583,2.56255426719187e-05,0.0015531158254584105,-0.01039627731085222,-0.006305078787425588,0.0014935348621897802,-0.005594998835331543,0.010530973811925035
2023-05-24,0.01761744481036777,0.005231341757776938,-0.004453481209969519,-0.0025160550959604224,0.005965467777135882,-0.00884234476416186,0.020000752237869013,0.0014120859088816654,0.016298439481123368,0.018057065524995673,-0.024235139071650577,9.226672907849376e-05,0.01982769890684877,-0.002136990815654221,0.017194471162960957
2023-05-25,0.01454708595915081,0.0025749031834308117,-0.003819320984916842,0.003294629923015067,0.004236256458885265,-0.010868102780885075,0.012659231197838872,0.009248011608197335,-0.004145243360064123,-0.0033340191688593993,-0.017009165296396886,-0.012767144802835325,0.007580212709097763,-0.01158276225078299,0.0020760841050419952
2023-05-26,-0.009975965110471286,0.00034642079872903507,0.014869177786952806,0.008336615751773656,-0.0051863707605161275,-0.0003962961005229507,0.011605496039120219,0.005311315931690935,-0.002070189743336993,-0.008525686985385283,0.00429322690291885,0.003519349386753846,-0.008543801985419841,0.002072603487625119,-0.01905634102554788
2023-05-29,0.01908083466676293,-0.028574069909586046,-0.02249921349359803,0.02753134500622874,-0.006472544547070914,-0.029136146809839888,0.0099346780863137,-0.004657890282012037,-0.013549379576967788,-0.026349290333615747,-0.025175549958953946,-0.0188178444656859,0.005722552084961628,-0.015295929828201195,0.002432758359441162
2023-05-30,-0.011052128446432207,-0.03188237611184975,0.005304178087315195,0.014693947313077896,-0.017748111132556744,-0.01936338811939487,0.010821845518057798,0.021422384343087648,-0.025622927385648274,-0.02411205036806872,-0.01635959363477144,-0.021723982747330815,-0.023095748644478956,-0.025368193273646596,-0.0035422458450745224
2023-05-31,0.012115690386764588,-0.0035563324047668144,-0.021095867963546004,0.007667266500429037,0.019041401845965894,6.252314888941418e-05,-0.006049337590488073,-0.01350427386411012,0.01960167213320827,-0.0035888180082306654,-0.002565891283226354,0.013223452535864726,0.012736079708204614,0.014070644257325926,0.015130116070216497
2023-06-01,0.0271037635585742,0.03350035441146206,0.006690035601477696,-0.01129994919523199,0.03867072358132262,0.028945819068299263,-0.008667730881599438,-0.03664410018589861,0.03478839746046106,0.018852604831605006,0.025644654718326037,0.03140369812428126,0.01399865569601831,0.03127521346031708,-0.003385607954774192
2023-06-02,-0.008241794054722636,-0.0007276220391280001,0.010999223796303616,0.012279118108299245,-0.007578435600017529,-0.004832796952508554,0.01659796446800509,0.008103047626780428,-0.0038916405722147236,-0.0024495154753203102,-0.006395463735779135,-0.006637427096882678,0.004632158990454846,-0.00996085841370789,0.007847830315991355
2023-06-05,0.017473968518865235,0.01893425632795103,0.0026770447967637387,0.0055646077458545535,0.022574795431066018,0.014452451581344354,0.010457609849917301,-0.0170855698616277,0.020192127915729448,-0.0025653777755353796,0.006955471142835276,0.023541056278252932,0.013900158067471354,0.019651091597168182,-0.013001257410252353
2023-06-06,-0.015238899158759013,0.0006828052862185756,-0.0009220095382447729,-0.0036311818495645795,-0.02335943153220396,-0.026990215071340556,0.01455655308590163,-0.0005089561949355718,-0.02467048798564528,-0.011667218116076065,-0.010643753895620367,-0.024162250663717386,-0.01757181000152328,-0.024122250663717384,0.011829039449080918
2023-06-07,0.0034191973285565224,-0.007029491014710517,0.011626667995365781,0.011188231619489666,0.0070243493809902515,0.008403651046133801,0.00012862456392761455,-0.0066726867721689665,0.0036244566230130702,-0.006215669420868489,0.009414841937380444,0.00834123237699911,-0.006304030704212312,0.009653106299448481,-0.022087132541081547
2023-06-08,-0.020585661639540634,0.026495764187542934,-0.019376547846346556,-0.016811577009224046,-0.023757560674921765,-0.019508219149127152,0.008030212112639714,-0.007399407910353254,-0.01765047231870004,0.009940978915546985,-0.015330413425545803,-0.00998409633078942,-0.012746681429991608,-0.0106096620845072,0.00799817489762947
2023-06-09,-0.004977088249676413,0.008509464643867036,-0.011374232330474044,-0.0050806765180448805,0.003813995990492161,-0.0024026803703684893,-0.013051130214051737,-0.0027958979165556706,0.0002540228009658942,0.015053542063468312,-0.0060814764029804265,0.005523339405313612,0.0008239032469864714,0.007430193502541995,-0.001159728233594197
2023-06-12,-0.013442639615513374,0.00012282159052779472,-0.02315615747503414,0.0003939414504929127,-0.012832279461872596,-0.015429460514203793,-0.0034945406286295833,0.002445647273161755,-0.016337342127957982,0.0029389410816492312,-0.027185081858684318,-0.02319590650342345,-0.010656525347549347,-0.016956811873825126,0.024665104622301808
2023-06-13,-0.018675365616943447,-0.024496861805772586,-0.010293942255824622,0.008887578366686685,-0.007342128471420644,-0.011267977887727224,0.004205348125245942,0.01595520045437521,-0.021661012004888222,-0.016673152771373295,-0.01381293738361979,-0.019773316873651463,-0.009747848956569603,-0.021766944208278047,0.001480126957571856
2023-06-14,0.014113799846141688,0.013052422276411261,0.004121900011823646,-0.0066904921242976695,0.01475359736306386,0.011071339350987397,0.005980027892101922,-0.007885310461508345,0.010504307680256378,0.009706095341833905,0.0037204428006191097,0.010335523335805914,0.015535639890706353,0.017069935977652113,-0.004257782126414479
2023-06-15,-0.00926696316069118,-0.027092501202774094,-0.01869592220096378,0.020663506641998744,-0.011492705493745179,-0.025479272017197706,0.009412099434197106,0.015684840051199793,-0.00962657402628209,-0.012856849780442024,-0.024526621182255615,-0.02229675947109579,-0.0007568159359211237,-0.006230404735793635,0.025655088274035932
2023-06-16,-0.02344020435836368,-0.029953709720229375,-0.016661175862500877,0.011365792124493899,-0.022710538266312256,-0.022385038834010763,0.031938250638895174,0.026022768378590536,-0.024097252445260772,-0.0073985317240093254,-0.027455759019492088,-0.02411425949758177,-0.010720915048500654,-0.022193157416883717,0.02754791000664886
2023-06-19,-0.01903544207048293,-0.029085789470964497,-0.013792160504366486,0.017688357187742833,-0.02740136213914459,-0.032500751959826504,0.01221723335726041,0.026491073693688347,-0.025499218269196048,-0.025819122084518423,-0.030940185373671065,-0.027030344247861663,-0.010319096445055773,-0.024415410401103198,0.02306491146004178
2023-06-20,0.026407337136753143,0.03196947996869136,0.016348687546531536,-0.027919001517755684,0.02696168145631357,0.02495294809312788,-0.006641603045611415,-0.0188257158162769,0.026605502523144166,0.033420544140460896,0.020505568911989718,0.02762268770834324,0.016463516820906143,0.030273584158711973,-0.03432286339249927
2023-06-21,0.03218298540412902,0.014767933748680913,0.02364960172083859,-0.010414058914099564,0.02861042669781006,0.028740333331874375,-0.0017467106907993431,-0.019701267021213685,0.026436594375345204,0.024278244560692774,0.0237949257186338,0.032645826527568304,0.014477259598491549,0.02470355839550795,-0.02471504726132304
2023-06-26,0.007511080149445293,0.015458379664901522,-0.0027827478084852886,-0.00590332961690826,0.004920468827882802,0.009708280619749463,-0.0016604088804128905,-0.007605693415745558,0.010586064442449397,0.0017585195241036644,0.006779783957673704,0.003979740355196217,0.014369555319811942,0.007220989417958091,-0.012350351371008513
2023-06-27,0.029066789047494157,-0.008049533489447253,0.02601577764241476,-0.01792649810600293,0.023384280032485324,0.039099560278526437,-0.029138043152217966,-0.028565701229019025,0.021006461391971373,-0.016278883407271537,0.029400963491690944,0.0268672912534381,0.013640385635388372,0.01870335245472708,0.0029054376564163595
2023-06-28,0.002455916885004492,-0.009659132417774685,0.008499785614033053,0.02217981388878319,0.0016294464699352956,0.00026848642770504506,0.029876913799953504,0.003732783696676172,-0.005366847038182298,-0.0003045591962788984,-0.0027705569443436146,-0.009696186444047416,-0.013803326960573301,-0.009576186444047416,0.004522496046021657
2023-06-29,0.010051525129715988,0.0031608943249388263,0.00198491687337461,0.004186993340801259,0.005316132890707863,0.005764770268018871,0.004985796364808367,-0.0001947287929361637,0.011509278559740222,0.0012947426723086326,-0.0008994414607354648,0.000861147560892478,0.005868336160540489,0.0024462473256491313,-0.0031091856810319613
2023-06-30,0.018334009627401504,0.0024013436337061212,0.007878000895586441,-0.004220214089129726,0.022296658392337337,0.020670534924590395,-0.014076838993907213,-0.022766044697975118,0.012404130969976218,0.004750742908241341,0.022308975847395173,0.019853340884028455,-5.344416761274512e-05,0.020194050599035597,-0.012975537003677012
2023-07-03,0.005497801977549589,0.006652585356896085,-0.008528470297722503,0.010451268898389468,0.00013425462867196805,-0.009475866604275678,0.006183061465074681,-0.002478371283242929,0.0008744478426953625,-0.006349299932547023,-0.011456407112919467,-0.00625584020394512,0.009924496119559536,0.0021616048278330184,0.007647583373640963
2023-07-04,-0.0035661124304191493,-0.012564832173125966,0.01029362115444697,8.037564323402941e-05,-0.001719778993689277,0.0014177022260699033,-0.0060025780395657705,0.00032397128888974843,-0.003393700156781906,-0.010558629627772612,-0.0009360900524818211,0.0006929436956780891,-0.0085986009828754,-0.0017175534590640432,-0.0025108466469892566
2023-07-05,0.002807036586257292,0.00033604191731427253,-0.003965858769238389,-0.0003819460687915579,0.005261472895311922,0.0013383366069870495,-0.005188017540026365,0.02446116679449069,0.005568856146986794,0.007457468621063609,-0.006228600867555604,0.007214225418665618,0.011215087436066562,0.008640738407768378,0.024904336469191782
2023-07-06,0.009832840259514329,0.008989781723984945,0.020623912693300387,0.00745017899551461,-0.002776877711108998,0.009120565442548748,0.004445419818519093,-0.01209599759931283,0.0019693785395471274,0.007839608851026419,0.012081723334627606,0.006677454514044091,-0.013337307633011511,-0.003713016261347024,-0.00797465544993806
2023-07-07,0.012719501209791869,-0.000954093055100372,0.01036189449839183,-0.007834525386045557,0.0056470624287196635,0.014795546180232119,-0.017159480210800195,-0.025187956663795863,0.002995592725222463,0.017372319951474157,0.027728344155857957,0.013052725216672908,-0.014753339179288673,0.008771031673315726,-0.006755327272220524
2023-07-10,-0.02726894070183517,-0.015384394680413485,-0.014539920152619968,0.003656312734141103,-0.017261092787928166,-0.03023296100001463,0.02045727660622911,0.021703398961321334,-0.013070591408121808,-0.0034080112573024847,-0.028651839342850656,-0.012180094595467407,0.004414275367447929,-0.011284681824897171,0.018665163557288356
2023-07-11,0.004580815164703259,-0.014999100647615164,0.021106160090352977,0.021059910177722057,-0.014258849209244064,0.007967833659344486,0.01110368482635001,-0.007302511604188311,-0.0126838026833163,-0.018813525052479716,0.015304160470517681,-0.002859911752400124,-0.015285081631128686,-0.008035751410687427,-0.008117804491479445
2023-07-12,0.0014440940017219298,0.011299167059511119,-0.007115949199324377,-0.012723026745128254,0.006540926501483988,0.0030669139846571537,-0.009922602848351704,0.0007287545761822206,0.005027437209059197,0.005631346740908672,0.003738588061819799,0.002346968290826029,0.001674969472376482,0.0035303211891162607,0.0014426854265675415
2023-07-13,0.0075677408692698366,0.012825205572733353,0.0020631929538824987,-0.00954357962397198,0.00393419153025979,0.0049202336133064226,-0.004464113877200708,-0.0033470242971933534,0.008513549177280564,0.016351168359274613,0.007879322830622666,0.0057532380498856225,0.017324833543963927,0.007961708902325042,0.006858300920466352
2023-07-14,-0.002601859993982532,-0.0023598322109428783,-0.009701296470979115,-0.001178227410003156,0.0007732597805369629,-0.008016177661410417,0.007777660567572227,-0.00549283228343975,-0.0002497423927971719,0.01439386634136191,-0.005848556204024205,-0.0042092389411354444,0.011424716225465781,0.004662034571979545,0.014094045779811238
2023-07-17,0.0051402969783076805,0.0109405700808098,0.012598930644300873,0.001754109543993019,0.006283543668776098,0.006821503630143054,-0.002035548613562443,-0.0030729631084204065,0.004532220557505642,0.010927012939137426,0.013282584520407644,0.007039461040593688,0.006767524126684247,-3.7734309792521024e-05,-0.007194502234928078
2023-07-18,0.0036156161429257206,-0.0038683392378290895,0.008418004052614699,0.0043208489354504736,-0.0038371317215435356,-6.927395877358514e-05,0.004017654255333882,0.0016318688443171952,-0.0014507724419195783,0.0007348248875936559,0.0028538421747231588,0.000767625750759652,-0.003783687499963267,-5.208575681815933e-05,-0.005741847030087251
2023-07-19,-0.005410831635838028,-0.0004882087548301722,0.01853552042129459,0.018159596302945374,0.008073860221431393,0.016331641398441506,0.01342287534764246,-0.021945579816455178,-0.0015265344906127752,0.00022153847709087854,0.031051467779117343,0.005592328906874943,-0.022933299967409348,0.003372085535653925,-0.017671573767519135
2023-07-20,-0.005291751226866763,0.0013949699491231466,-0.003049195489709509,0.002516139932295303,0.000782703026993311,0.009269679069110519,-0.0013280362536050984,-0.0031763396156481,-0.00019815468258796976,-0.0004153749045087112,0.005977584000167129,0.006394341636545936,-0.01644746081260433,0.006036903153590096,-0.007243756015660344
2023-07-21,0.01663752588476973,0.02073364465077119,-0.010212850206540797,-0.01938259681806634,0.017284484404162144,0.010050194494788937,-0.011552881503890345,0.0032642004903525148,0.024312355108012974,0.01676577995929915,-0.0038813996504138983,0.013380625151373216,0.026576180174307854,0.02099363723504734,0.013607732742134077
2023-07-24,0.00193372078244536,-0.032023862085336224,0.005987218192533221,0.007885478974548698,0.009344968178614256,0.01917909511881617,0.009598375325474992,-0.01580099199707316,-0.010355119843009115,-0.005530855543318693,0.021527939385509953,-0.002890658387825883,-0.011430885311798868,0.002975089771643081,-0.014336817237424158
2023-07-25,-0.013129872681996018,-0.01330277303685673,0.010908991881679085,0.01756654588718395,-0.014132364579914184,0.00141814115749662,0.007536587490057165,-0.009602181084593259,-0.010595150066590885,-0.0019332619839919165,0.0052656678936056885,-0.0076168218778663805,-0.019752211283156122,-0.018431349204734118,0.00048715831152722124
2023-07-26,0.004377492147802644,-0.011445061669402607,0.00033600968350190933,0.0056372160863903415,-0.0013747090279554181,0.0007773668934742783,-0.008807410083788889,-0.005093553573815841,-0.007048714053357385,-0.003805302123103418,0.000998210341806947,-0.007538211821275543,-0.0066078064885502575,-0.006817669580308642,-0.003979647234354169
2023-07-27,-0.012645873731697356,-0.025855867807113266,0.009463709061142639,0.02897677870695864,-0.018510507013788667,-0.02441092543809624,0.027290271762785038,-0.00415275248618637,-0.023353322300718772,-0.02781621296892728,0.010582534955702208,-0.017068292524235983,-0.025945829163432545,-0.024352576959103863,0.0028094031908251394
2023-07-28,-0.007408989396956222,-0.005820604191329224,0.012485235160666446,-0.008536160606860285,-0.005203724810531913,-0.001133141543370761,-0.0014138267509197372,-0.005924237413370589,0.0023381395462845,0.0076427479854200816,0.003886051599113483,-0.0050022650301195315,0.011147745704677149,0.008298906358594359,-0.005412226356801559
2023-07-31,0.016681779976041387,0.01798752780280834,-0.003623200499428828,-0.0161826353415164,0.016282191178091925,0.009014971003874233,-0.005643212190966127,-0.011590776911988022,0.011473226646047534,0.012589402110971282,0.006696442997236821,0.006949393441317101,0.010958405325362278,0.01496639604502137,0.008242579038740152
2023-08-01,-0.000551378623691014,0.0027989436859955173,-0.0017566016801195518,-0.0036096550921622204,0.0008982928487100897,-0.0021738846746081333,-0.00025048285494597437,-0.0028095242266839905,-0.000979310546175103,0.002520493485974287,-0.002585576746266926,-0.002300771442667302,0.004492972585718651,-0.0019389696470811344,0.004634835585180595
2023-08-02,-0.003907737519900572,0.001332542327091648,0.0037528817232411714,0.013782341735797142,-0.004761215702429697,-0.003074669246704207,0.01632858680222036,0.0006875893642026615,-0.007277456703516336,0.009755763887905916,0.0024189539229590353,0.005152288100227879,-0.007275824098804435,-0.0029270427963289116,-0.010332207428525251
2023-08-03,0.01661077857815976,-0.011011600998746316,-0.013991861138710752,-0.017813186476261126,0.017589447807480774,0.0004208917631420594,-0.00977655929635997,-0.022571042038398503,0.015268407099221384,0.0028713235274402046,-0.005449987000187731,0.008303271114981836,0.014749388398842085,0.018498105692059386,0.0208383476029909
2023-08-04,-0.003801780940399565,0.0022003577192009197,0.007553959220098705,-0.004828378304330319,-0.001800803525026511,0.00719729894919499,-0.008921566904221894,0.008842483151405464,-0.00042252313479448835,-0.004340190286443563,0.009941671198745278,0.005434732691919245,0.009667918992774822,-0.005753880996523253,-0.006699139703457527
2023-08-07,0.008994875324981692,-0.0048356001352040994,-0.00453646918647631,0.0013577926411058202,0.016095501668283087,0.00882090830884104,-0.00039180150780602173,0.0041481273427293325,0.015433990436085055,0.0002702395055373734,0.0015690732739079144,0.012321894045918953,0.007667240920976685,0.009077608313306704,-0.013274441694953044
2023-08-08,-0.01380240096607812,0.011204955951152952,0.0005650960131495001,0.003148944741589588,-0.007912500209432889,0.0028356009664754506,-0.0038167739615328224,0.0037924882446130374,-0.0038707871666303173,0.01757330653942815,0.007282184367897924,0.0033908493861184844,-0.006267829659553643,0.008343134362220292,-0.02163821537412042
2023-08-09,-0.005130078982345469,-0.005484578240492392,0.008579361192325498,0.0022942478304806995,-0.002481946349741804,-0.0014639714327098314,0.0005310066587028303,0.0034863428879043502,-0.0043393231299868554,0.003195821949357501,0.004083008739289726,-0.002994167143381832,-0.011016703230404852,-0.005126560524474196,-0.0015299998716511217
2023-08-10,-4.1007125289823704e-05,-0.004128698251765192,-0.005173736080424794,0.0028507829740325296,0.0008400678323501853,0.002208514471538313,-0.0040442963259011,-0.004048272540043165,0.0022471371988848766,-0.017711405095107012,-0.006660772351424691,-0.0011160246031882775,0.0022862364760540244,-0.0034944812315204276,-0.00860807214340482
2023-08-11,0.020001885660366408,0.007098171062104894,0.0011613190510691824,0.02074374344889433,0.019037902732387174,0.013812474979067669,0.01807514622291682,-0.021762193680702566,0.018647524060561575,0.006906343371394571,0.012481971177923346,0.007243373512678405,0.00652828198056406,0.012365337429773497,0.0061889774385830145
2023-08-14,-0.005637075584436395,-0.011579173796558396,0.011466327694198237,0.0035303891853969713,-0.009524916106917896,-0.00825880411668749,-0.0017594493423074892,0.002989078936700578,-0.0069232445377970546,-0.010968363683532528,1.077383567285386e-06,-0.008771302051498925,0.002465904622617872,-0.008747601288939155,-0.0018845244543650463
2023-08-15,-0.02164170532417949,-0.005948919073967773,0.015456009362710379,3.214658113897544e-05,-0.014396564047375,0.002282865357590719,-0.010458571347872479,0.00964287179308919,-0.0042193163961792065,0.010957425412473909,-0.007894623979044682,0.0054527280095971456,-0.0038359504511882867,-0.002441613823588719,-0.018650340217985506
2023-08-16,0.0012520465370525285,0.011778034407114854,-0.01221647720849677,0.0008923480008094561,0.008395727697522852,0.010870872206847348,-0.0035868266702152804,-0.005540723711938583,0.014132051312388828,0.009237680555393753,0.0015427231916756363,0.014861268729076215,0.012141196064974318,0.014320940536225929,0.006138953019341519
2023-08-17,-0.013874262019521714,0.0010998486221894452,0.01652056289398479,0.012592832833552677,-0.018438746307034074,0.0005526606250965013,0.0071709522624409435,0.010606185865674743,-0.008318885234323328,-0.005130928636610955,-0.0034709232961349277,-0.00148995854426857,-0.013608309001326807,-0.00893331878023293,-0.001598211240035792
2023-08-18,0.0004671010397259883,-0.010584383582211105,-0.0006330581359648252,0.009887399680831384,0.000664791252547159,0.001963409490513189,0.005487381414655518,0.003955655290722076,-0.0021615530640192834,0.0006074508497555294,0.0006166181620078152,-0.000661246631621493,0.0026503744020111575,-0.001102226522357286,0.008221346704048515
2023-08-21,0.022458037683393578,0.007878596570160552,-0.010755006231499938,0.00021583022741290798,0.01169662854501584,-0.005335652838789109,0.006214857050096605,-0.013887047384144945,0.010504677622901165,-0.01798469526107522,-0.0029262015098415715,-0.013721786652190137,0.012529623111256437,-0.008835272638446627,0.010824534094682266
2023-08-22,-0.018694669024702768,-0.009099577321319736,0.013559856507200636,-0.005784481726278325,-0.018906188887198142,0.000854731145857773,-0.013251440700785117,0.02341211651409668,-0.012930090809430408,0.004575767596747085,0.0011030594101361017,-0.004029276531524335,-0.02047086895835909,-0.009531346770271606,-0.002511415443174375
2023-08-23,-0.019181672286874642,-0.01945050313649285,-0.014057195880601496,0.0088137082629146,-0.009143215511111793,-0.005982383329146559,-0.012971444894985758,0.003801381929592791,-0.017630558566111586,-0.014498218962664643,-0.00857394459659811,-0.016794478463379423,0.002796091109928993,-0.01976093630608129,-0.016070440213752972
2023-08-24,-0.009821979601132047,-0.009499866466786803,0.023058210430391187,-0.012520063341141344,-0.015772374549140794,0.003911164544298031,-0.014105870563341281,0.026124734913086985,-0.01890098292117024,-0.003021736098021889,0.01131147127716373,-0.0009714468909267674,-0.02736760528194254,-0.005828981228272723,-0.01590529151952735
2023-08-25,-0.00020460120159334654,0.003859839133338145,0.007813183456023944,-0.006327629605585842,0.0018633471117802595,0.006922491403524548,0.00492614132143279,0.002974346920511192,0.0048840896539420675,0.00943304683336336,0.005420607023349665,0.0035063481373363843,-0.007420128783931951,0.007499595774856824,-0.009608951741744328
2023-08-28,0.009029069357978767,0.007358162704243909,-0.017981097192887388,-0.0048854212323784394,0.015745405938214607,0.0016547502279397155,-0.003896492152114029,-0.014183256786552745,0.011962848177757439,0.01117450989212109,-0.012246938571801745,-0.0010165929739175857,0.025938110624271565,0.0057708853302472106,-0.009425747459655168
2023-08-29,0.0015420800592917988,0.009213703353825634,-0.0001765929690066987,0.0019169492518608835,0.006125575966243502,-0.0025320146525195453,0.0014128838060024533,-0.010475075471028302,0.0038341640798189576,0.0007487055177606799,0.005975038673909506,-0.0005996704489054191,-0.0019401206944873863,-0.0014439891201860713,-0.002398956383310549
2023-08-30,-0.0073049830780485955,0.012985799439382252,0.007246488383010307,-0.004779947929505338,0.0023723437769512996,0.009633986142364572,-0.0009184472399339115,-0.009269350048044293,0.0061379248605983,0.011276391439176041,0.0077708050184499364,0.003075803809689082,-0.0017221678014581908,0.006235101041602839,-0.01136431840929218
2023-08-31,0.012311162936911795,0.014306040486828427,0.011154576452396122,0.02539833053945149,0.011719838310760339,0.029869014518737125,0.02018350544902379,0.015743755872373578,0.01457794540271245,0.02717717205532951,0.017616412561363336,0.022075291379514063,0.0010842720298612665,0.02317600506750506,-0.0073270446986511036
2023-09-01,0.012354897292265628,-0.0017563105821653022,0.006912182462747695,-0.007161439935550285,0.014943880903288909,0.01793517843995971,0.0043400958266458295,-0.009373517548749575,0.005013317360273386,-0.01737896340972989,0.019912669784879523,0.018125956931401156,0.023738964698619604,0.01307552332921898,-0.0023629371164209717
2023-09-04,-0.005311750776383421,-0.00756026453920086,0.008793547524801139,0.0010460895746112107,-0.009330573063353447,-0.004288526546540132,-0.0014841063918576065,0.0022583329712248575,-0.007169851785784281,0.0008018057123587493,0.0018623790555157788,-0.0022264652209211715,-0.011851059992586302,-0.00865539896848616,-0.00772721543335569
2023-09-05,0.0014921116752922244,0.021180496445811894,-0.005575556786126489,-0.004243439393529557,0.008743541291555553,0.0070214181191664135,0.007361130229699454,-0.002383826926357807,0.010073032045065954,0.001984247739341286,0.00708733427617583,0.00784065555705459,0.0020497795602346922,0.009402537293114747,0.0019005783810071388
2023-09-06,-0.013172591856711012,-0.005113944016497758,0.00906921074946272,0.003654936547142346,-0.011633830423312565,0.00016330086448845626,-0.0022382705612669918,0.00957481855450927,-0.0027138319848461503,-0.0035163921148793804,0.0014206424053063544,-0.003498225248676685,-0.0020955340660521473,-0.01085111863294836,-0.00031766172392916104
2023-09-07,-0.005367977040194799,-0.00043823871637920447,0.00507217470351091,0.0005269441213479256,-0.008895678155411141,-0.007172445180754942,0.0022203047684211216,0.010608300136875585,-0.007105822503199586,-0.009696552499033785,-0.0047698467032407845,-0.0066876582219267365,0.0010405249558122303,-0.006709727170094802,0.004372698543891284
2023-09-08,0.033043336072344574,0.026778929918090895,-0.018723693159750563,-0.025850758432365735,0.0350320458281615,0.018920241659138665,-0.011981387329943152,-0.03307081355054669,0.0351601484425003,0.017561104786211985,0.015695466498637164,0.027063223626169256,0.021204482511575376,0.035137597618702554,0.018895110295761696
2023-09-11,0.01201046233452413,-0.014015289606031439,-0.0076906378187728015,-0.004752565405155973,0.006569183677471271,-0.0033092019282883298,-0.0010010033950070734,-0.006992493578660259,0.0032019552698673262,-0.013865212437898953,0.0023830977100464893,0.005928828115520402,-0.008610573026107788,0.0011942646257235838,0.008684006768903787
2023-09-12,-0.005465347273499006,0.0066053379644861535,0.008948802208123594,-0.010669582486410959,-0.004485544855931071,0.008913416315955602,-0.008474993405170345,0.013097526669699986,-0.000988920823020646,0.019344232280980797,-0.00010997140582282942,-0.00024371059018009263,-0.005998213349289121,-0.00497115525924988,-0.0009226769182697285
2023-09-13,0.005282001221036098,-0.0012616560582165842,0.006269054001272779,-0.0001833505873331756,-0.0057429834676259355,0.0012966720442800055,-0.0012883438908182928,0.0069234837935400004,-0.003413019771339467,-0.00020715232612769028,-0.0024131764981828023,-0.0029233441435614414,0.001296833816269331,-0.0038639130738376435,-0.0031872662974678397
2023-09-14,-0.008282957532303157,-0.0017304234395759874,0.013244051791694304,0.0011050171930127321,-0.014096358755612931,-0.00577510874993429,-0.0007785437491327667,0.011127448540019005,-0.010704064258214333,-0.0029541171034687267,-0.001699030333221872,-0.008911605531482104,-0.00043677038326209747,-0.007482999412235068,-0.01000146484968133
2023-09-15,0.0017588612052037702,0.00646122332128037,-0.0018308898279816167,-0.0030920265518505985,0.006683860134616922,0.006167773585734962,-0.004270157155111813,-0.011697825331602605,0.006536790649350333,0.00463661189473964,0.010047815460250173,0.006213939625796132,0.00047991714288861783,0.0037243914614599684,-0.008159081237963522
2023-09-18,-0.01256413417970426,-0.015425364108963174,0.00834596596463712,-0.004728534248389413,-0.01611541119349433,-0.01089580635825176,-0.004363935927061062,0.017723616525128296,-0.011314920163655906,-0.0069962760182915975,-0.008416809490471414,-0.009779786380291223,-0.0034815830426537376,-0.01146515124397413,-0.01109607759366343
2023-09-19,0.0014261117743359945,-0.0004248945051989247,0.00021975780031404155,-0.0009043480696505735,0.00024185076996549755,0.00257751953768549,0.000528125109948803,0.0015894438601484913,0.002725578359638254,0.003741612247582414,-0.00432750930389352,-0.0002370273956051113,0.0004428173962712005,-0.0018008784605046625,-0.0013779274750435205
2023-09-20,0.012925768425691812,0.015073056598789533,-0.006042507471824372,-0.0031945551951245727,0.014111591001385315,0.006520114621040707,0.0073223508250646425,-0.010931879559869392,0.016511480709022405,0.009118510944674014,0.0019103617227884428,0.00829367462952258,0.012142075095671648,0.013184345588288706,0.0060185400975069315
2023-09-21,0.026936462850304287,0.018511961903240403,-0.016435855816879282,-0.01585188423806934,0.03737124715429424,0.021169895316000137,0.0028564033689881196,-0.037848049854359724,0.028227048325809787,0.0015064941939866815,0.01436914670502538,0.023516766748308365,0.013726304827792628,0.019532500284399984,-9.652160085969514e-05
2023-09-22,-0.010015410845819353,0.012341717969966923,0.002996720285487464,3.1790939176244606e-05,-0.012900315847784002,-0.0012686086850433429,-0.000328242510314948,0.0032024228641877243,-0.00607901690437629,0.016523611664875395,-0.0005755748787966516,-0.008747014623180368,-0.00756041212976005,-0.01001686543992336,-0.008841722680556692
2023-09-25,0.005639002989981304,-0.018694575999044446,-0.002797626437063328,0.013573115216782224,0.007143386987141716,-0.009004604454122267,0.008043660878009104,-0.004315078768511355,0.0032105326394144896,-0.01316577842293372,0.0005724540463336504,-0.007290968273205549,0.0005548132487178002,0.00031101604829084604,0.023059219499022225
2023-09-26,0.00531149062556516,0.0051375220887101385,0.0022725503432189332,0.00047459150030716165,-0.0017007051186435308,0.005074181763834166,0.0014035707590142944,0.001996980164013841,0.002218627941272303,-6.279941125304523e-05,-0.000713662874104057,0.003200433230211498,0.0017140745546371015,-1.3602730533830866e-05,0.0010437285105825325
2023-09-27,0.0101499833766869,-0.0024958344901717298,0.001053773532147472,-0.002934487620939206,0.006711029943869072,0.0020709375865961537,-0.004713204654136331,-0.007208097073035618,0.0012818365586106568,-0.0012294639524706335,0.00383299682661402,0.0016184875195188074,0.0034750262182469353,0.00584259705586964,0.0014141902393524578
2023-09-28,-0.0030836069339123012,-0.011488905528345441,-0.00029129292270841224,-0.0032206818202707714,-0.012050139437711913,-0.010607790888685863,0.008873674965552492,0.0018668001795653136,-0.003945899040855028,-0.010343168053367786,0.0015656377659955436,-0.0049136672183565724,-0.007092213772127339,-0.00628835751321084,0.001191939035032512
2023-10-09,0.0022269665807987623,-0.006203021755362175,-0.004085035073697224,-0.0033743248814081437,0.0020606935785690964,-0.0015984323460349877,-0.006949565465874215,-0.007984157515400488,-0.003517232447106234,-0.00781978862640657,-0.0063576009759470555,-0.0009336320998971008,0.0013192178318939575,0.0027701277010141983,0.0026787550168079813
2023-10-10,-0.008813141897181265,-0.01404634477657379,0.0004276931387772919,0.01412751310811572,-0.009063392599556803,-0.01726159931890136,0.010707774509053497,-0.0035705346703655103,-0.019979557485593928,-0.0033343136847980345,-0.005192214184045764,-0.022700146817426207,-0.011932478759436817,-0.020647305816617216,-0.0051568654037670095
2023-10-11,-0.006021750957798956,-9.350342906506602e-05,0.017911435365358698,0.0013032798685484468,-0.00463265693358349,0.0172307051343913,-0.011569036872447015,0.015222394706911295,0.0172307051343913,-0.005160090288686046,0.007347114534483991,0.006814827567739391,0.02132587829560856,-0.0022375028851878026,-0.0016744432644079867
2023-10-12,0.00857751565448615,-0.007220062116183299,0.011762301402093275,-0.002088633752267018,-0.015334653290013621,0.010763390166331375,-0.0019880609193467873,0.01311426895575188,0.010763390166331375,-0.011279694763373573,0.00045974641874115267,-0.011811480634160022,0.007535601613295562,-0.012880390066370519,-0.011811802421995383
2023-10-13,0.007938009086068428,-5.545495026050635e-05,0.011217594602895405,-0.007091147096883449,-0.004820840019514652,0.007023353862024849,-0.005841148613931182,0.007027009460681771,0.007023353862024849,-0.0020791827389975395,0.002755211891783613,-0.008758941978197364,0.00936401843201281,-0.0019009005825249723,-0.008642982052677616
2023-10-16,-0.0024213986597143382,-0.00358086427025514,0.0018825259766890499,0.00859911435556126,-0.0017498648690624852,0.0041376484639659055,0.002245082716777681,0.001594497860489721,0.0041376484639659055,-0.00945438459961491,-0.0038848733334793605,-0.0025436902077459684,0.0024734625067926734,9.689440905896541e-05,0.0013804521882119518
2023-10-17,0.012172158200781248,-0.012267241832493137,0.007558640913038157,0.0019639500693762455,0.0006647726515042003,0.00525139966851503,-0.006058807327804927,-0.0008922810873439414,0.00525139966851503,-0.01661146811336872,-0.008701730356183584,-0.01834700212670017,0.009238385582153771,0.003824252867154651,0.016174607553304438
2023-10-18,-0.006492514751708756,0.006228068340125417,-0.008971244746771105,-0.0006326867150033617,0.003248715151853337,-0.006056474081873595,0.010928756813094078,-0.005421661046212097,-0.006056474081873595,-0.004159700995598662,0.005461502902375408,-0.0009714789031287557,-0.007770609089888207,-0.0060230037412090974,0.004789976507388936
2023-10-19,-0.008798442602837653,-0.003422936291159823,0.01716116407646895,0.0005396397674884003,-0.0012660419120882696,0.009191506941841994,-0.010417420459531482,0.007842727647278759,0.009191506941841994,0.007909281712028345,0.006767892772377367,0.004266490775304308,0.006761554294953766,0.012619815012970924,0.021511609055447783
2023-10-20,0.011709535022796098,-0.0027250716474669177,-0.004286161409622157,-0.003712773808293671,-0.004222091104935412,-0.005609820553461415,-0.014066039087072057,-0.01364386802000666,-0.005609820553461415,-0.006015912993206063,-0.015932203817529623,-0.0043911875075935075,0.007942831732067899,0.015712597923987402,0.006605838184417085
2023-10-23,-0.010891637367849302,0.003332447334076052,0.019410820523361343,0.008829355317076598,-0.0013158872241179475,0.0073378174860615755,-0.0003218771956965203,0.00886154538234018,0.0073378174860615755,0.00355295355777596,0.011197422800695214,0.008773078792863539,0.00997337786279578,-0.005090987786757077,0.021538057780445728
2023-10-24,0.006032335128578764,0.00274300304080182,-0.0034167476247198222,-0.002842810326818252,0.0012681478098821516,0.000864935374088454,-0.0022721949310927805,0.0003004598496129441,0.000864935374088454,0.00018623566047214977,0.0072118954110375125,-0.007219447669678567,0.003793521124037374,-0.0021952231908776766,-0.0010389681919395308
2023-10-25,-0.00170850249320213,0.007748937417636464,0.00039313026814896635,-0.007277517984367301,-0.000735458208411329,0.001220952419296228,0.000831120501487555,0.000490796742878529,0.001220952419296228,0.00040140668422450636,0.00037739390455067314,0.0044145316841624075,-0.006752456250528649,-0.0021941969530010043,-0.010705156289763856
2023-10-26,-0.008687798235442211,9.323192535536388e-06,-0.006306358982566328,-0.00042792032831453656,-0.009288959250240545,-0.0021597557315307927,-0.007242880228981437,-0.001590966382418772,-0.0021597557315307927,0.009975815479430354,0.002120614758753886,0.006671796252379475,-0.016451832608234917,0.00816270689773886,-0.00851104772011121
2023-10-27,-0.005896042599120819,0.009685724090960033,-0.014337096475884227,0.005563211121994063,0.018834987262814514,-0.007242745291887858,-0.010575840339735262,-0.007823018750906234,-0.007242745291887858,-0.0011718383169017758,-0.00760002883336492,0.015321381803735159,-0.017797547937756023,0.017587334090259497,0.003968726344146445
2023-10-30,-0.004850195141195956,0.010173603922634871,-0.005071011987240158,-0.006478073584603658,0.005261561196434629,-0.014396754392404856,-0.0007603295672970445,-0.011175503495335488,-0.014396754392404856,0.012261473923547308,0.011014913938418537,0.007475318041730186,0.003503684568456667,0.011097268214869532,0.0025422745361175616
2023-10-31,-0.00821224431382558,0.005114146214088302,-0.016048446606058017,0.0031158084118909145,0.0023268815309807115,-0.009658437369897636,-0.005249873318780179,-0.014161546270828315,-0.009658437369897636,0.0009862664545929227,-0.008432251902969722,-0.004239186606059925,0.002387828601185223,-0.000904256779838366,0.0021371799490928827
2023-11-01,0.0027565368482318385,0.005510194001227708,0.013829463579964136,0.004127375858732687,-0.007369719411846731,0.010798044278330534,0.008620840388378164,0.008151642893634872,0.010798044278330534,0.010458496481629815,0.006176098401358512,-0.0005445111947866011,-0.0021379146444424147,0.0034746502959262853,0.0020941749265412663
2023-11-02,-0.012113124901301025,0.004695888105924431,-0.011361891811051399,-0.006743451660485423,0.010895243740759397,-0.003630143202266161,-0.010071515018516726,-0.00042131426137833445,-0.003630143202266161,0.011374830052622659,0.011682874581513783,0.008913216751727841,-0.019304153035856433,0.00953916977621956,-0.003814984039728757
2023-11-03,-0.01793701407714125,-0.006353530570591579,-2.144552998873837e-06,-0.003614790577808573,0.0007612377711488751,0.00582482645520107,-0.002495057797245257,0.012737039644102615,0.00582482645520107,-0.015785723830497613,-0.009439449288773704,0.014655193456625576,-0.015076746873508406,0.005781623240258302,0.0012307662251941943
2023-11-06,-0.0014774629450624212,-0.014816783099974208,-0.007267522372130314,-0.0063243448540304305,-0.003500487299477813,-0.0029324769490514124,-0.007935158476941866,0.0005358208067824678,-0.0029324769490514124,-0.006814024239884793,0.0005554236081304657,-0.0077040033014287935,-0.003995363109201703,-0.005822767812092685,-0.009487442243249291
2023-11-07,-0.006716718105731949,-0.0009027319001705052,-0.004244818209736573,-0.0069339879398528075,0.006377485686755323,-0.005308018906694916,-0.008559253616970217,-0.004879445639299662,-0.005308018906694916,7.090725593283052e-05,0.004094870606696222,0.006012258648857908,-0.002309949191606877,0.0025304328986212998,0.006063355472785625
2023-11-08,-0.010328422788910833,-0.008262777610042916,-0.012012568086904866,0.0031708594533545183,-0.0015268760938020513,-0.01093943061812458,-0.010260281898742101,-0.013739787742669653,-0.01093943061812458,0.007804463795012689,-0.01620965742223897,-0.0028770220602412147,-0.004055981860356762,0.00592604817555479,-0.02005758077425609
2023-11-09,0.00491657129710292,0.012438303932937133,0.007516674565027366,-0.0008868812194067346,-0.006869618308186633,0.009173094537545869,0.005598624165090113,0.004499685450949194,0.009173094537545869,0.006381523246858879,0.006506886718597325,0.004661100366190209,-0.005189965560478001,-0.011497170247149809,-3.497156410308549e-05
2023-11-10,-0.019291883982967283,-0.009392999037487828,-0.006863144534371995,0.002865667232374396,0.007315559339743776,-0.011297091532836886,-0.00922790194848119,-0.009061101796021884,-0.011297091532836886,-0.010507812661366092,0.0009784735924987292,-0.008177755373691946,0.0010772450722453097,0.0051536465650980166,-0.014021418110682946
2023-11-13,0.00196033967582494,0.0031332600141039104,0.005395446463102957,0.006641936646934239,0.001004425863936144,0.001697244800719058,0.001818163864628437,0.003155090175065596,0.001697244800719058,0.004438422422856307,-0.001215652407278438,-0.002151844842990991,0.011440433263631651,-0.0038845454209586816,0.004058764517397938
2023-11-14,0.0004607615215352678,-2.0256206387740168e-05,0.00482303973853498,-0.00472299637094766,-0.010200962904671417,0.003122439053309211,0.003680895502997246,0.004132091541481871,0.003122439053309211,0.0035892368421870813,0.003313301797005602,0.005776345322959406,-0.01492274823286538,0.007500677975219965,-0.00032670267528797946
2023-11-15,-0.006018298133298562,0.0038643773346084885,0.005704257540378383,-0.00036079217558328,0.0004560912683758817,0.004734578019521785,-0.001115981377371389,0.0018089242955201543,0.004734578019521785,0.0032893120749233036,0.003550361397302182,0.00799085122504868,-0.008739103561100463,0.002942909085545509,0.010119480201179996
2023-11-16,0.0007143179617971933,-0.01202730959550632,-0.007189793828526393,0.010621291774985532,-0.0011784940604426595,-0.004037881213873849,0.002473324394346967,-0.006208451452144496,-0.004037881213873849,-0.0017990061938493167,-0.010189430612782205,-0.015378403435411405,0.005236875050256092,-0.010842404535623277,-0.016118988659834313
2023-11-17,0.005182955628478021,-0.0037438277374228363,-0.007056512450463442,0.005672207485413009,0.011994739606212354,-0.007377179414888367,0.003843222390692965,-0.01483656854216612,-0.007377179414888367,-2.2494143446661794e-05,-0.011970100080973807,0.003123393152607312,-0.003732321890474038,0.009538359922531096,-0.005013243965356706
2023-11-20,-0.010439745629292434,0.011677834563676921,0.005708239683532908,-0.0010857770645412645,0.01817897145414098,0.004253633459663212,-0.012747820240405706,0.0013754821445307445,0.004253633459663212,0.01216899292709597,0.0163661048104749,0.02186895731857378,-0.009971523134106325,0.01565873180421274,0.00893298908991302
2023-11-21,-0.004539263117790814,-0.0066723707786667565,0.0038022365665745057,0.00529724128572288,-0.0008469590177747724,-0.004084861593392087,-0.01048949092637935,-0.002739024758076734,-0.004084861593392087,-0.008262830141563102,0.0002954128648754892,-0.0021499272260918382,-0.0002874619843999444,0.0016735329491199458,0.008052233563933411
2023-11-22,0.00864400870292338,0.004183753330386327,-0.00261503105707767,-0.003510030212299342,0.0014452870408923361,0.001098507378454985,0.018167798632459126,0.0019251643637006614,0.001098507378454985,0.007154106923857172,0.0016778738800326811,-0.007925936032727914,-0.005533760831304606,0.007774329360677969,-0.007545744122610399
2023-11-23,-0.0005028126938102643,-0.012993474829556912,0.0022196424793707262,0.006828978076164661,-0.008880676891905607,0.0021368372588194346,-0.012966224371198147,0.0021366508829101802,0.0021368372588194346,-0.010466743233077593,-0.00371998634902974,-0.00926278509324965,0.0029959065056380137,-0.009336851801942126,0.004646680539686076
2023-11-24,0.004927090954903045,-0.0034616471630551835,0.015404796314460808,-0.0026222998050132876,-0.008690042324388244,0.0013511242127810773,0.011290875845340869,0.01244842198575243,0.0013511242127810773,-0.00555587827412417,0.0030782511886254128,-0.006673100436158365,-0.0017392175231606432,0.0045143222382551685,-0.009695574979469084
2023-11-27,0.009895484831146845,-0.0021923290427868837,-0.010694462901234613,0.0028732608834636424,-0.012412944292644165,-0.010297732149286953,-0.009456681287955009,-0.0015785790815701086,-0.010297732149286953,-0.008526779281908134,-0.01390899171403333,-0.011367083903444904,-0.0006064319051928035,0.009324852037654352,-0.001370743892103014
2023-11-28,0.0027395495461865265,-0.007519797801527626,-0.003381170959761371,-0.009927952462362992,-0.006646941820187246,-0.0019834290231371563,-0.00684051363171658,-0.005205594234305978,-0.0019834290231371563,-0.00838665396310731,-0.002179825146253744,-0.011447349476923888,0.0039632925465949,-0.01568699184107046,-0.0026330082907837916
2023-11-29,-0.006222945027705377,0.0021950186823981865,-8.559465755755651e-05,0.006161111386026312,-8.32930765564585e-05,-0.002708467202283117,5.4494154155243025e-05,-0.002966898943348832,-0.002708467202283117,0.005286198478383985,-0.0008870290616197103,-0.0015721504161879988,0.006066522788463847,-0.004037978949701391,0.004027523036654455
2023-11-30,0.005771239339609937,0.025068052632839524,-0.003682037719270518,-0.027668402939028405,0.009151049034831753,-0.004620645540690219,0.004966891807288904,-0.01127333550485237,-0.004620645540690219,0.00020519336381186583,0.0016645045300748883,0.022485393362612145,-0.003579760037961709,-0.003438058421549431,0.01517322048861416
2023-12-01,0.026463033646462315,-0.014978662829020235,0.002670984244663112,0.007240269535271896,-0.01697958422760976,0.01003625452237681,0.00621246277530686,0.006872105699830911,0.01003625452237681,-0.01612009958248436,-0.013192281333668492,-0.01593140224054612,0.012151047015615547,-0.014084073675142835,-0.009011113295899289
2023-12-04,-0.0017434923533786357,0.007096922975830513,0.008236135308430861,0.010410802012042471,-0.0036971893515990793,0.016152812025214586,0.005778163260859571,0.009858452010138335,0.016152812025214586,0.007228982776743388,0.0010247409142301784,-0.009627034094511053,0.015536989630561925,-0.009239418949395782,0.006527639128193438
2023-12-05,-0.004317613265916228,0.004844803409738852,0.0011927917470678565,0.003100288410190764,0.0003376534629704399,0.00013083447345295916,0.009715627599750545,0.0024373413137418988,0.00013083447345295916,0.008647563159656344,0.0034038353728969755,0.003643087710827062,-0.002102793143171579,0.004047502472944239,0.006313705677732079
2023-12-06,0.0019595012852836585,-0.010229208444100626,0.0024627126433005983,-0.00270512999061855,-0.0030785707825956867,0.001500207665776428,-0.0007619929094779786,-0.0023541722835117023,0.001500207665776428,0.003990106624627737,0.011199393364307891,-0.004199385530495861,0.002587787092772175,-0.006012006261648335,0.004145045327169439
2023-12-07,0.0031415696082135393,-0.018258944879488755,-0.002696478825939241,-0.008062957348217674,-0.018241585300531105,-0.003282115972406286,-0.011297802466887918,-0.018460491187253163,-0.003282115972406286,0.011800423262883587,-0.0031754861366012485,-0.0010027982078690178,-0.01336377766746473,-0.004590680667432744,-0.009391771023619436
2023-12-08,0.015622696146321167,-0.004995424784066726,-0.011922184979076532,-0.012219572444598282,-0.005592330174936513,-0.0073205392504999784,0.013558232319038868,-0.004115854351099517,-0.0073205392504999784,0.008286886442804096,-0.005680077799492725,-0.005799969699615785,0.0010190308717746292,-0.0036391874023107454,-0.0022813810630119167
2023-12-11,-0.017107336755340857,0.013324197629667684,-0.0036441013568430988,-0.003597712966159066,0.014937626162382494,-0.0057388671204040825,-0.012155885242517202,-0.001222815493824705,-0.0057388671204040825,0.003402426146943436,0.013967212735998175,0.013399133950909593,-0.007126454963421413,0.007236936264722043,0.004920864420268441
2023-12-12,0.027039728168107922,-0.013971357467919878,0.010608508379984494,-0.009091474466135962,-0.024530082579026613,0.009081298473640923,0.010961127577669311,0.004343263465714127,0.009081298473640923,-0.010002290785232636,-0.0026425559429556125,-0.02334486410546194,0.022125877769069206,-0.028275631091703335,-0.0036270660514863464
2023-12-13,0.004421968668546279,-0.010038166916153977,0.008529343063273085,-0.004230381214741166,-0.004671630110916335,0.00405812095978311,0.001961824720377321,0.004059974748441926,0.00405812095978311,-0.009005796137162495,0.0003651727643091681,-0.005853202310312829,0.012642500262222843,-0.005954865291808241,0.005352719591743292
2023-12-14,-0.013197104502409478,0.0095843028710376,-0.004560433863383165,0.0031519884724682244,0.019580849734255924,0.0006999923537525676,0.005232870036906804,0.00047158267966529427,0.0006999923537525676,-0.005556175523323716,0.0046791446516305105,0.009988904840234316,-0.009398858642449754,0.008236352634559376,0.0006398960817736285
2023-12-15,0.012324036898490471,-0.0037685450089935107,0.005713603598957762,-0.0035050118644522764,-0.006969184260729324,0.002680587913985661,-0.005532863046360159,1.5189106106988193e-06,0.002680587913985661,0.0017141154899429963,-0.008179130127912429,-0.004546959522022933,0.006706240854986883,-0.006476332260051306,0.008264065490950606
2023-12-18,-0.0029958459051105764,0.004853584361320331,0.006398037809823549,0.0032879116205649724,0.0005558195421433566,0.0010028719757862853,0.0036317728390024588,0.002596167428011554,0.0010028719757862853,0.0010010028030050177,0.001998741073937737,-0.005214825246261186,0.0013794918442022897,0.002288315334063932,-0.012797887610293135
2023-12-19,0.0009081261890308765,-0.011515518987571603,0.0095154678681707,0.006267897010713537,0.0011347111240370526,0.0184747456051732,-0.009297304691493292,0.011516205378208235,0.0184747456051732,-0.01239676708800102,0.005193415537847713,0.004493602705289681,0.001658664849348784,-0.006987586444914459,0.02086314143492615
2023-12-20,-0.0060168753553970986,0.008761332469708604,-0.01041283962845526,-0.005083041702785604,0.005164630420083507,-0.012601841717301015,0.0017825865975390376,-0.00778976509175287,-0.012601841717301015,0.0033848273883726513,0.004540361223312872,0.008393745802331353,-0.005225343934689297,0.0069445953302874714,0.0014444614924259266
2023-12-21,0.002757749993160902,-0.0004765588151919676,0.011892399562218933,0.009534516891276273,-0.0017300749695528064,0.00816437973517506,0.004179070389137843,0.008557183991450697,0.00816437973517506,-0.008727507013132269,-0.006124974352114591,0.0037438452275206243,0.0076062477097715835,0.005956268971981203,0.02337251870696647
2023-12-22,0.0007288056697471523,0.006471621778623275,-0.007038849959454417,-0.004659307989591187,0.00421158979799813,-0.005176214022449137,0.0029762547393715217,-0.0036144901672677033,-0.005176214022449137,-0.000863612777722173,-0.00034584631204345354,0.005327965086604537,-0.011543356122858294,0.003007949185406545,-0.0059560510518250846
2023-12-25,-0.006298350945316958,-0.023095245410481118,0.010124547289927113,0.005605089727515781,-0.004300777277352072,0.013964048581271406,-0.009501224337778745,0.011734907121508327,0.013964048581271406,-0.01961576277197676,-0.004084059826023719,-0.01697580928402106,-0.0006920293626263976,-0.009458564673380479,-0.015160759636109734
2023-12-26,0.0021465210820017224,0.002621588472126076,0.01895778895387063,0.0030253646433070253,-0.00028106293133224055,0.011972766039969558,0.0053957135877048725,0.016326029410046017,0.011972766039969558,0.0018963433899744963,0.008412548854091859,0.0049567380700603555,0.007030920681179329,-0.0040775874520378366,0.0041119923166883865
2023-12-27,-0.03243568351821246,0.020148223308961592,-0.02048381383045619,-0.008882272663992538,0.04414970141626321,-0.010305035663715082,-0.020875608175947576,-0.015452607222399207,-0.010305035663715082,0.018667493827999208,0.019892201954685614,0.028015518592575773,-0.014599903488377506,0.03881415181693298,-0.009234218771999161
2023-12-28,0.013951101388886394,0.00254865859598373,0.00023748860213398417,0.008027838993021707,-0.00409985213817011,4.508909660158543e-05,0.0094224386661687,0.001225399184668947,4.508909660158543e-05,0.0008768999989660581,-0.009201605659447753,0.0022790474084605273,-0.005291212297947424,-0.0021417674327030675,-0.008921137566876248
2023-12-29,0.03104012162450488,0.0012224977348211765,0.018821127776272616,0.002700416970667007,-0.038450284614218004,0.01978652652057913,0.019835965563881484,0.02023108762067571,0.01978652652057913,0.0038251203796928193,-0.00125002973765092,-0.029414030919184587,0.014920776414823289,-0.006698908754089498,-0.0014009442105496147
2024-01-02,0.010518084463450813,-0.011891691292074763,0.017691474680472805,0.0016690600329656784,-0.011006021816451937,0.02095642419805707,0.00217678993273538,0.019318893971897157,0.02095642419805707,-0.014648050176118333,-1.246681695713745e-05,-0.010220693512288062,0.005348527048680588,-0.007277714795046294,0.002976805677494957
2024-01-03,0.020904410063821977,-0.008596803548872592,0.011604448413271058,0.00028307651224890817,-0.021927774470824703,0.009559948370208926,0.003926533361157286,0.007821012095669828,0.009559948370208926,-0.010466103231484718,-0.012330056586381673,-0.016851566014783152,0.006181729478445349,-0.020119202049857187,0.006336737174289056
2024-01-04,-0.001147870333289475,-0.007571951382273195,0.012230851794505516,0.006933573460575474,-0.0004693431377325236,0.006199389878258079,-0.0025600297702663547,0.01009534419164918,0.006199389878258079,-0.008324503341592213,-0.006704601140988357,-0.004524379964683791,0.01740146779640084,-0.003785696804271661,-0.0059451850039401784
2024-01-05,0.009935361965897616,-0.01198153160237579,0.008963779769419344,0.00391635788125371,-0.012959067622960847,0.010059364541944957,-0.01806929044674052,0.013541941155827039,0.010059364541944957,-0.02111955101741795,-0.01271787485109893,-0.012746819823827834,0.006856288483837526,-0.01623913692509067,-0.00697716209668374
2024-01-08,0.001524298166828673,-0.0026683877023128202,0.0018736442027001532,0.006528168213584275,2.5074252565035506e-05,0.001094008109403734,-0.005789713603907107,0.001962948559331697,0.001094008109403734,-0.0010563517047951182,-0.0027407370271645653,0.005966446387754162,-0.0035902653284627627,-0.002351351545528515,0.005924447036575616
2024-01-09,0.0033021090581238166,-0.0063241584706336725,-0.0036418934978634295,-0.0002924402212662765,0.00126050626586177,-0.005398316590755786,-0.01104653665938491,-0.008823778584167365,-0.005398316590755786,-0.003125382945962865,-0.0010780856622834096,-0.005823316348053758,0.004849233515785565,-0.002391166590701372,0.008522209678965786
2024-01-10,-0.02488868374564586,0.026158444395825913,-0.011744081549171042,-0.007430262022852039,0.023407665526864935,-0.011059460605870125,0.0025646734896636048,-0.009491892637125705,-0.011059460605870125,0.008276596758189982,0.01797848649344079,0.02693296538075464,-0.018261312515485927,0.017337125684871925,-0.007321103454232167
2024-01-11,0.016860343456767606,-0.0007391819984299182,0.0034892173589538404,-0.0004543753434776455,-0.006436033067761286,0.005936886097108081,0.006342972519781879,0.0013860006065180128,0.005936886097108081,0.013493665664605354,-0.002528357929230333,-0.012755088971831497,0.019309793648469676,-0.006542461732248303,0.018689723483571775
2024-01-12,0.0026355197122852818,0.0004683846143886438,0.008170036776080237,-0.007520506619874667,-0.010547619678335833,0.011552958233365702,0.000577985262825943,0.010641904005571235,0.011552958233365702,0.01142047648580328,0.005959933914330671,-0.006386247929977197,0.010110452440715843,-0.012727066646835724,-0.004667377219572017
2024-01-15,0.007950409407157235,-0.008404097837404197,0.001667204735640521,0.0004423426078822386,-0.007770214587200935,0.0034150442424633965,-0.0024268164237879115,0.0048348441594734904,0.0034150442424633965,-0.01527823906087606,-0.016298959669114342,-0.007281000534409967,0.004449906466006805,-0.00955672627469402,0.0012275375486170185
2024-01-16,0.01722849275039639,-0.017257770273409537,0.008762337136059837,0.011647537362809325,-0.010441225765125036,0.011980246832772656,-0.00038112734197417433,0.01243277497836825,0.011980246832772656,-0.014908029609637372,-0.0135949740481675,-0.012802050368884708,0.010213103570907572,-0.014490387210340646,0.003948261176665604
2024-01-17,-0.02229223824747053,0.0014668829579282062,-0.012931704382254354,0.00017023230235779088,0.02065701777446556,-0.017127622912671534,-0.01766809123402909,-0.01859695925430364,-0.017127622912671534,0.003003471870447236,-0.0017523746835937804,0.02353946661936734,-0.018591576266055662,0.021889717500154105,-0.007491283009300332
2024-01-18,-0.0037410271138329765,-0.001560231353537426,0.0036125434043262697,-0.000903744271583496,0.006544362418809579,0.0010683257116887246,-0.009270636869855908,0.0026533124599669626,0.0010683257116887246,-0.0017317969339585024,0.002132408173297883,0.0015993554310222231,0.002581021629170306,-0.0009906754782129873,-0.0007319024975339756
2024-01-19,0.01219989837065721,-0.013554937812736059,0.0008045732890961424,0.01781765485302366,-0.012213092656957789,-0.0009117776283551133,-0.0032080612610422134,-0.004748947142354224,-0.0009117776283551133,-0.0013607464293816794,-0.01583147578031932,-0.0182440802456961,0.015943255985019684,-0.01342388569478078,-0.0027708326796913848
2024-01-22,-0.015075640203138372,0.0005690512610836636,-0.006028746811604252,-0.01096119403350893,0.02296124132082385,-0.004934347485511553,0.008959287486220624,-0.0038992331666019005,-0.004934347485511553,-0.008014694361761015,0.00715016704627864,0.00530388318882009,-0.009561352623966726,0.01449500299909978,-0.010881751124874812
2024-01-23,0.003042827035006673,0.0029203160272753075,0.028645362336590204,0.011361552335601793,-0.012507783435686686,0.030064274307612125,0.015214376516598486,0.030647042006873973,0.030064274307612125,0.01633834902101643,0.014849567887651306,0.0016439038488070322,0.010379792134766662,0.0010606943703245512,0.007979206088759816
2024-01-24,-0.004850958353366422,-0.009748803530634141,0.009733954762935431,-0.0008985453853528865,0.007242423357165566,0.009773954762935431,-0.004558724812749953,0.00670272550520061,0.009773954762935431,-0.004303130552451452,0.00394283170520629,0.0021244996556881346,-0.01072132140690381,0.01310022011773813,0.004483943135487043
2024-01-25,0.027323326900824296,-0.01923694490048837,0.01992644215328833,-0.006365359919300992,-0.029775537193128362,0.02256550322784478,-0.00946806367676058,0.01600500872688069,0.02256550322784478,-0.020226245869859678,0.0005604572959791209,-0.021172854480010384,0.010883095958058189,-0.02032993312681772,0.004767800012771975
2024-01-26,0.0239449006733379,-0.0155529966485527,0.011112804843455434,0.002668489074774829,-0.029044857304949868,0.016951423171655336,0.008595695013526002,0.010950078533771782,0.016951423171655336,-0.02655822366672714,-0.013013788382093047,-0.026850180915083642,0.02384953490047506,-0.02089699251463468,0.018413899024672924
2024-01-29,0.010075001807731226,0.00013820172826450365,0.009705425800058964,0.010195287314253558,-0.013289334289467158,0.015112666084869173,0.011070930685617717,0.010668369177889532,0.015112666084869173,0.0008778800339985041,-0.0020214837159509254,-0.00933808880356267,0.00030852430352084313,-0.01405439644154762,0.0035469464345922793
2024-01-30,0.017524200384715468,-0.01933521867495026,0.010206567372417904,0.01921599629640704,-0.015520090853451666,0.002231187614737914,-0.006503360656617855,0.013125061180433438,0.002231187614737914,-0.028201122569852268,-0.015050164954939289,-0.007934907486265418,-0.002957752783372578,-0.0201366142224292,0.0024240545882819645
2024-01-31,-0.0188429926360429,0.04474533398768294,-0.014846623664198866,-0.010084610441633368,0.031015879097218615,-0.01823210842672464,0.020176999949360237,-0.016000926722688224,-0.01823210842672464,0.022265721750506055,0.01716084736685204,0.023227330125051786,-0.011405976892638458,0.022289537029080833,-0.018231130039380015
2024-02-01,0.025204864077413628,-0.0357378968025674,0.008598140789435398,0.01707315699853083,-0.025977384633477242,0.00632147328363817,-0.016435554020673843,0.004751109076131507,0.00632147328363817,0.0012545508585158252,-0.02341150009895171,-0.03029402476995424,0.02001968103199455,-0.02168858622063481,-0.005281514729776565
2024-02-02,0.030193585916290105,-0.039818458511809075,0.0031607872633110006,0.009618700452226552,-0.03527270520559235,0.006595512671932473,-0.04678330208914677,-0.0019332063168793587,0.006595512671932473,-0.034039459079997246,-0.03361981207297357,-0.021557519685888944,0.03354044451866502,-0.02560389399917412,0.04096116934966173
2024-02-05,-0.06172349087247306,0.047625196579330106,-0.020429945413561582,-0.009857121337226908,0.06152446871882082,-0.018964573412291613,0.01481515279559756,-0.0021136729338906033,-0.018964573412291613,0.04168869079114628,0.03229377220511709,0.05858441898913719,-0.04907378837085517,0.05413688124714323,-0.010455749493524338
2024-02-06,-0.01418159168526854,0.01069982657620258,-0.008263997076679196,-0.011196643433599008,0.010062681121618735,-0.00861965947035742,-0.005192103485700121,-0.012486796677042798,-0.00861965947035742,0.017297884467193943,0.0076177035419721624,0.012965315611069162,-0.017059338215893848,0.016642853333347817,-0.00962557833113458
2024-02-07,-0.03636308500570445,0.014462772255926069,-0.006369282784921198,-0.025163378785783695,0.0365083703598214,-0.009658744850694461,-0.00667779954501026,-0.008903551345368415,-0.009658744850694461,0.031472228137966816,0.033588385927480015,0.05028041416030444,-0.05352182325951991,0.041692325930496425,-0.016295397137764348
2024-02-08,0.006340457307013505,0.02359341852144777,0.008374502150962781,-0.006454862151282146,-0.008384105325928934,-0.006671399710505262,0.003125971135641454,0.001440770383901112,-0.006671399710505262,-0.002663693603638692,-0.010405001883012042,0.021994680265976254,-0.01494131414416574,0.012326991899917504,-0.002007001754332177
2024-02-19,0.010892235372995168,0.02947497242919981,0.012214666448989202,0.009505446393272002,-0.01909588860944652,0.023159139040612446,0.029399044069054567,0.01665287777366612,0.023159139040612446,0.021468020743784243,-0.005500297220630876,-0.00048384709701557025,-0.008564791608187754,-4.816430882963668e-05,0.0200053090254053
2024-02-20,-0.028666820928764488,0.021711809868231714,-0.004224552271753866,-0.027163119828640118,0.02727486329888444,0.0017293275400313863,-0.0024115270502794123,-0.01129093580590425,0.0017293275400313863,0.021128869812789292,0.02419353501042127,0.029484686928595585,-0.003481741247468113,0.025486221467699105,-0.0003728732014329335
2024-02-21,-0.0014618623002601817,-0.017019881111308744,-0.0018440634118270685,0.0010353686843386678,0.008010228174354333,-0.008345020865489999,-0.01845936034085926,-0.00042320012830156435,-0.008345020865489999,-0.004520292248423934,0.008921721452555856,0.0033680369053367184,0.002309714048655679,0.0038729852394923537,-0.010033904548054789
2024-02-22,-0.02239248995140331,-0.013426522174660597,-0.001981369889355451,0.019084134651610532,0.028942433782380268,-0.003276399942964045,-0.0031324010646143945,-0.002572085999347653,-0.003276399942964045,-0.007717281735760378,-0.017814635965417557,0.008230667280071963,0.004859213458806875,0.0031854349061869944,-0.013708293504927534
2024-02-23,-0.014340735374668217,0.0056895198613401065,-0.014231801620304876,0.002507563680003822,0.003079554108335878,-0.012531302267808084,-0.0037004263765187846,-0.011449516187414056,-0.012531302267808084,-0.0036060153382159927,-0.001944648620705492,0.006342861642015424,0.002226694434063144,0.004326878814166332,-0.006979312041172591
2024-02-26,0.0025974493169256298,-0.012761476730769408,-0.02676628032937456,0.04276740243849926,0.007077222000874948,-0.027728036004419417,0.012655075765425874,-0.021278258032255474,-0.027728036004419417,-0.038115290207206574,-0.03648653550731955,-0.028250217209719774,0.026550545062031163,-0.021969386632566316,-0.028358510829846934
2024-02-27,-0.010815046803805491,0.026145168071415592,0.005377806308159783,-0.025374410692299225,0.002560192127590787,0.010665633531168093,-0.0048813270795055085,0.007555101098360191,0.010665633531168093,0.0317155743594195,0.033279622232902206,0.03102188881908475,-0.009562440980137567,0.02599825653053733,0.008137417593778347
2024-02-28,0.01912801907378097,-0.03851751691254569,-0.02514274964401119,0.033217750131239225,-0.012872998709010146,-0.030128398634402254,0.016701859694136095,-0.01587795222920784,-0.030128398634402254,-0.027646091023050486,-0.01656158657453396,-0.02888007905747745,0.036591095018005504,-0.030006533968422417,-0.0023311434156341616
2024-02-29,0.031892485695627464,-0.04209504812768983,-0.021980385341320345,0.039632889568279005,-0.02768434372331331,-0.026055734177317894,0.007708874922520678,-0.01854446298398589,-0.026055734177317894,-0.02746992512904273,-0.03866579547607942,-0.03052821963190784,0.028439467641736688,-0.023844729700571186,0.0028360257740431623
2024-03-01,0.015872221795145594,-0.013739258847072444,-0.00579650591208164,0.010524002100746187,-0.01396862736984492,-0.0032591863497523285,-0.007118006047193649,-0.0052180748921972775,-0.0032591863497523285,-0.014412285112951825,-0.020437059683015273,-0.012106578398007403,0.003128574787555761,-0.007017176834253359,-0.00949715160850189
2024-03-04,-0.02120303343024048,0.01814173507353407,0.003660990650198572,-0.0018275637489791748,0.011145028485242755,0.0021457627889970316,0.0014933368125915971,-0.0038151375239776505,0.0021457627889970316,-0.0007988515058188746,0.0073741532908564045,0.026261203662370877,-0.0073151079952182094,0.013616688089886744,0.016937771899991915
2024-03-05,-0.005759955885655879,-0.0008184983225677487,0.009268793410092468,-0.0010271830142359866,0.01293434978893409,0.01475685612546996,0.0026934188919054847,0.018742526550730783,0.01475685612546996,-0.0002609434203543974,0.009089594962660616,0.002517551110545738,-0.017001342850328484,0.004094312673271373,-0.0013459521975662096
2024-03-06,-0.011990451989615517,0.008177515804418663,0.012192200469137094,-0.019216645390418906,0.0064162662987359885,0.015744332529849834,-0.013445340609396545,0.0092883801596938,0.015744332529849834,-0.005270934915495212,0.004595605156951396,0.0010157083951749266,-0.013499045995731217,0.00037382824866791773,-0.01163031674057037
2024-03-07,0.023129670066719222,-0.010376658026889952,0.004447744720509407,0.02507330391128069,-0.010670403129149216,0.00048727495306681947,0.028186181665669517,0.011019642448562324,0.00048727495306681947,-0.004232203042600924,-0.01860902357571372,-0.006564961373697913,0.005713452455593566,-0.011648661088796875,-0.009959545174368183
2024-03-08,0.022315656955048793,-0.03770516424507779,-0.015158223098138086,0.024037458616814323,0.03201509362986922,0.03132612146177848,0.01644427022025133,0.03711183695144511,0.03368656272008809,0.03368656272008809,0.039447484098204116,0.014351526401900043,-0.001954266016193328,0.03666584688027446,0.009990054746053747
2024-03-11,0.011749577970899615,-0.015950550844311944,-0.014516959006528322,0.03179765573982014,0.0036673782387449975,-0.003546477673872673,0.030639935980431247,0.0012970601306016112,-0.008265865700455687,-0.008265865700455687,0.026108828830808246,0.01977977881158167,-0.022137197201201705,0.03412872231285459,-0.02516108749572414
2024-03-12,-0.00995531690588739,0.012471754277482563,-0.0027785229826237825,-0.008209112726439894,-0.013438643737520602,-0.003113964106328878,-0.010935202827793235,-0.0037937798487928565,-0.00833527011444463,-0.00833527011444463,-0.0072637309662691146,-0.00347689921887385,0.0008241088765940478,-0.007607940311251174,-0.002454912760307195
2024-03-13,0.015472057276192355,0.005679128868231087,0.014237583669973143,-0.006961737794485317,0.01251085329347933,0.008769300969088612,-0.007887812633400623,0.0101087219155765,0.011827393494660575,0.011827393494660575,0.014077372608798417,0.00918102306780258,-0.0068828528019518435,0.011978456859885026,-0.00789604456317004
2024-03-14,-0.026473910897855304,0.00973043442025343,0.0008198722239347374,-0.009069890691021694,-0.023559287533075002,-0.017853565153471595,-0.0032535444602663764,-0.023751347607315454,-0.020736404850325296,-0.020736404850325296,-0.015419701240117727,-0.01793121676653027,0.015007244834076073,-0.02448460143618727,-0.001998510643863838
2024-03-15,-0.009074782787773095,0.0039836419123071565,-0.008769318301572675,0.007571211753572111,-0.0016711337756506748,-0.0017111337756506749,0.014933516215888853,0.0015793185487782285,-0.0020416953355761923,-0.0020416953355761923,-0.006780366387964609,-0.0050269161217134425,0.00324763617823633,-0.004900762034400681,0.0018143882727272092
2024-03-18,-7.62607703276258e-05,0.009650322154399987,-0.0114263232579129,-0.01790036730411377,-0.005291397954681969,-0.01092695403550564,-0.012265663916759057,0.004228117465528095,-0.00405330369121793,-0.00405330369121793,-0.001466169204506688,-0.007085357859415446,0.019258030666121966,-0.0071094010964449705,-0.009181750470428667
2024-03-19,0.0020408348262176395,-0.00700471248997647,-0.002084881988991876,0.005771846365791948,0.005896529534730403,0.006474319751005694,-0.000248450565223158,0.006616124782471466,0.006449535798517397,0.006449535798517397,0.00549476784802905,0.000983254751556848,-0.002808396850219863,0.008207211445386468,-0.00167908689584668
2024-03-20,0.005530800253899769,0.010662977126534587,0.003560142230273863,-0.00451749073935507,0.00271617252531891,0.0005066685570649361,0.0036731329123595945,0.0036499297933489635,0.0018481641210700227,0.0018481641210700227,-0.00833908244807253,-0.006856390734443277,0.013057268105699635,-0.010312487585229636,-0.01721565975232822
2024-03-21,0.013027408890295331,-0.019153789772297262,0.003436739801815202,0.006954974083862425,0.01698881666297303,0.015499852261654996,-0.004261888620283675,0.013937505829422575,0.013713195049951256,0.013713195049951256,0.017246620283919604,0.018723625559226843,-0.02156371559415523,0.020787760530099904,0.01224013618949093
2024-03-22,0.008653405936121098,-0.01642375226786023,0.017884062073587594,-0.0013118788014077857,0.007260633795757841,0.007260633795757841,-0.0023978315091557844,0.024650819375974044,0.010767419682709316,0.010767419682709316,0.003216325797266004,0.010318236454099954,0.00014604749061893806,-0.0015566215238122332,-0.0004302051705244908
2024-03-25,0.013384009834345338,0.002882048543371837,0.0064566010633777616,-0.0038766972483448695,0.01498473508524939,0.013800630690562855,-0.00012320500392228178,0.015046839163354878,0.016116847534788977,0.016116847534788977,-0.005344685402643952,0.001300003289915064,0.025104739204088074,0.0031317565978576756,-0.009207817202421755
2024-03-26,-0.0029963937081868685,0.011259726490432071,0.012032523202472967,0.002857611957621445,6.421263557774832e-06,0.0008940043365484111,0.002403571996111857,-0.007983084295166743,0.0014080544743460626,0.0014080544743460626,-0.011756956593948514,0.011716505745028227,0.0003607248856687418,-0.0016435608439302667,0.010312093500354351
2024-03-27,-0.009036315261774676,-0.02243782186413333,-0.025970582711834826,0.02122101597975505,-0.021916985446384363,-0.01914684563781974,-0.011062214069941775,-0.023103305475585725,-0.021956985446384365,-0.021956985446384365,0.021397735467931823,-0.014806031376772605,-0.03015295521591701,0.010540170215062542,0.02679502358568574
2024-03-28,-0.004829895283089012,-0.01067354773423774,0.014533278162571977,0.008934944057192251,-0.00548023229595596,-0.005790927565907955,0.007669478954226283,-0.00390408059624437,-0.00548023229595596,-0.00548023229595596,0.0022886901766979496,0.0008088127992819419,-0.00028229008777086017,0.010993614995028517,0.00023230250634148457
2024-03-29,-0.0045117649056495915,0.0036877633199059326,0.0025919702056780053,-0.011319257369375868,0.0005153337600940826,-0.0023903959635045422,-0.012968181983027079,-0.000971237509427353,-0.0005328471110352832,-0.0005328471110352832,0.0012617590923115123,-0.0034989168986090556,-0.004864798445146814,0.00018870824428518816,0.019920212726187426
2024-04-01,-0.014551917071787315,0.0031611815871126505,0.016422441253127362,-0.005569989448402928,-0.014004196764268565,-0.014127661737759842,0.004758186307524589,-0.014031433491748456,-0.00925731872945813,-0.00925731872945813,-0.017651802827889636,0.006770729232601161,0.013672005690861348,-0.01012760783822141,-0.026306416809221737
2024-04-02,-0.0376535848304273,0.036760774065567846,0.018908985234780417,0.003304176768367845,-0.03613685208361787,-0.039817230078236475,0.0232910656001059,-0.028524034778904223,-0.03419272395224852,-0.03419272395224852,-0.031061336594111897,-0.013747254038965347,0.019413346181004675,-0.026494456882931932,-0.019895816763901484
2024-04-03,-0.004682900550000427,0.011680031459323925,0.03138846673344435,-0.009654384053231225,-0.006007022073791857,-0.008491264098934666,-0.003551557605346435,-0.0013610966701842256,-0.005538716200633154,-0.005538716200633154,-0.019689581117425997,-0.020811565433243615,0.00918328618204523,-0.01518831770863317,0.016613126777775745
2024-04-08,0.01670533771438815,-0.013157614480172481,0.003365740044336635,0.009562961734380272,0.016574868113101854,0.016574868113101854,0.0031793167256211315,0.015529152969309762,0.01778371170777972,0.01778371170777972,0.01904788685995908,0.020919722345635564,-0.007839651927881436,0.024384799748876532,-0.0029510913329852447
2024-04-09,-0.03184876017765904,0.02854139336993019,0.022951135070263817,-0.01644536174067424,-0.020949635288333403,-0.023785410458423837,-0.006916310674775392,-0.02485533763742143,-0.01569586871232957,-0.01569586871232957,-0.034634605867877644,-0.028761965508881288,0.025271990410873517,-0.03392365660552817,-0.015100898827349928
2024-04-10,-0.013153554300873848,0.003596585954229022,-0.00438572644077385,-0.0032729825515804885,-0.007217458247819725,-0.01222464342712581,0.014245541355365631,-0.010876654775616085,-0.008074199220865866,-0.008074199220865866,-0.0077674725734374036,-0.011876799477798222,-0.005846808546766112,-0.012338533549013028,-0.0024113280472929685
2024-04-11,-0.011850972949883175,0.012935702654483738,-0.005058499640485986,-0.0008208979137946666,-0.008983562377987824,-0.008199164172031554,0.007976611134408085,-0.006967931860377947,-0.008808604129285516,-0.008808604129285516,-0.00880867760377162,-0.02323443190314006,0.008602379132393105,-0.02025162885995166,0.005190468423681674
2024-04-12,0.005047575291615111,-0.008137161744533668,-0.006939729111276953,-0.0008803842049324332,0.007021541526636689,0.00843627067583497,-0.0012116653871508882,0.012568540733258173,0.003572611697965384,0.003572611697965384,0.008181186294676353,0.02438529223150187,-0.014074028425356372,0.008597102694305029,0.009235608892784904
2024-04-15,0.016149699785080303,0.008702077274232903,0.0016587169202315405,-0.001609318545343801,0.023723027028353542,0.017524678300312332,-0.010437434487056401,0.024056569150860654,0.02155863697550913,0.02155863697550913,0.009345346813360078,0.03306445743471631,0.016077913100051678,0.0056808890187928255,-0.004657374136856796
2024-04-16,0.0030893221769060777,-0.004180402429981888,0.00914164654365776,0.007100362364337158,4.365710051548987e-05,-0.00609008985077306,0.001157652410279517,-0.001755293595434123,-0.0016278011547204354,-0.0016278011547204354,-0.00020039617149176627,-0.02450257921469278,-9.546748334583171e-05,0.0023373129524637795,0.011408558794219132
2024-04-17,0.0076054095969326375,-0.02104435602624947,0.01137852357064973,0.0014774200762154046,0.013420902776833287,0.013460902776833287,-0.009189098892378627,0.01019577372272198,0.011510581412361477,0.011510581412361477,0.010344821407200236,0.01131676081470273,0.009987956233699646,0.0169792947264865,0.006027475153503894
2024-04-18,-0.021794924703614462,0.009318769569522895,0.017509684122376454,-0.027570383431738416,-0.019185777052223185,-0.01640064021468623,-0.023631306086861092,-0.020258708438352452,-0.01819725130763599,-0.01819725130763599,-0.026160761428726115,-0.013161865922397485,0.020647399291725724,-0.02604809279180352,-0.012317601381589683
2024-04-19,0.0059469973395908865,0.011383151777680385,-0.016308087804889307,0.005506917551816074,0.016832940503484925,0.010285001847157388,0.01658704109378371,0.023688099650836875,0.017045029429891632,0.017045029429891632,0.011171399363667803,0.0345819642003838,-0.005962256658616616,-0.00395900407601782,-0.0017448230539495345
2024-04-22,0.017555469686686365,0.011267943015759929,-0.005121881334002003,-0.00757010589474872,0.013969025431783386,0.011185194686006374,0.0050323974842082534,0.0177115158139102,0.013929025431783386,0.013929025431783386,0.0030653347063743365,0.012696501942711486,-0.004732477378442164,0.0033584283316359606,-0.005126216849679183
2024-04-23,0.010643003427797627,-0.023314876079449775,-0.0036706559318841277,0.014864290062974735,0.006639741988717837,0.00387234744527854,0.009944451244013237,0.0115087499362987,0.012029315814371652,0.012029315814371652,0.019951718862177784,0.007737890803053582,-0.015751609319206217,0.016608209537231584,0.014031412600577456
2024-04-24,-0.003975082020497864,-0.004972647734027151,0.008309987556415634,-0.0007708704931032216,-0.008853929382069954,-0.008600465757406951,-0.0016085646726605037,-0.008597824154408143,-0.007865624698804221,-0.007865624698804221,-0.00577488396514286,0.001737144259744568,0.01058665955615066,-0.0020996306716906175,-0.004042820087336338
2024-04-25,0.024403786367431544,-0.012355126964964104,0.0006217064076030587,-0.0017792652101334358,0.0227010759612574,0.026520547069171084,-0.004447057857826628,0.020177343750297484,0.0227410759612574,0.0227410759612574,0.021100968793498834,0.008593362930210032,-0.015493698461584776,0.028376065412094278,0.014874628864268427
2024-04-26,0.04524097020834479,0.0024950494657684334,0.009001100925078062,-0.012133118348132703,0.04271479847070197,0.04546820357982277,-0.02083607863709632,0.04647089661595276,0.04271479847070197,0.04271479847070197,0.03964632131395441,0.012370859890996452,-0.01529103868455558,0.039948788875698735,0.020359119571423213
2024-04-29,-0.024422862970075145,-0.002756569796084637,-0.02752975613248303,0.029614342815625295,-0.005291408808902711,-0.002651055863998874,0.026318046036463226,-0.0009891370669967946,-0.000959683509501513,-0.000959683509501513,0.004736751119372586,0.004196109156283689,0.012208473505291915,-0.01709660550621889,-0.016966641185048887
2024-04-30,-0.014946477148370723,-0.006398065600863668,-0.005488272326381761,0.014284684133458816,-0.001871278520589744,-0.005261674889603143,0.010576262036407255,-0.005013810843047397,-0.0018712785205897437,-0.0018712785205897437,0.0037551812425158436,0.003961483438216459,-0.012638515285489706,0.0015591701724770284,-0.009856510124720757
2024-05-06,-0.006115557605023845,0.00821888682184233,-0.008065008615342102,-0.0015169907450416772,-0.016850242148119053,-0.01425326764370881,0.0031450129374941296,-0.0025855450141865142,-0.015988888823866076,-0.015988888823866076,-0.009714635325992064,-0.009053547453197983,0.020394624669809704,0.00031050294768871346,-0.00367027245021423
2024-05-07,-0.009204983733981806,-0.016274424550014075,-0.0016015835207913592,0.003387686063198055,-0.009763419800860082,-0.008671623587773526,-0.002321809057059347,-0.014070723843735436,-0.008193187520895252,-0.008193187520895252,0.0011195698501492925,0.011796063003187284,-0.006216630108327839,0.004502778348276332,-0.013328363666167953
2024-05-08,-0.002812632973504249,0.0055579875118402546,0.004124163638090739,0.011054440410258444,-0.006273205185715891,-0.006233205185715892,0.01688026958579032,-0.0025493411128710724,-0.0042177729499285,-0.0042177729499285,-0.006818745771172172,-0.0033100294097781705,-0.016533664736791052,0.00976748522890673,-0.0011507907973307312
2024-05-09,-0.008299110045362466,-0.0015511289276051088,0.011896412993113394,-0.006239932957916397,-0.009036818949417061,-0.009036818949417061,-0.002385097252313425,-0.008450896368630835,-0.009076818949417061,-0.009076818949417061,-0.011777719771983853,-0.007151886320823413,0.010232128326856365,-0.007434548659634303,-0.019354959605619514
2024-05-10,-0.013984924601565987,-0.0017778511138308634,0.002031951446812114,0.003374542541491931,-0.014554434794939435,-0.013984924601565987,0.006468627827472083,-0.015505088496623664,-0.01551223180815096,-0.01551223180815096,-0.009494380573363647,0.007953761938480233,-0.008726342958157104,-0.00596202021894181,0.013262608454315388
2024-05-13,0.00057296787239973,-0.0030351969343894703,0.00017721111870505683,0.002902357712060383,0.013020645350090196,0.013020645350090196,-0.0003165528022010905,0.009018559365947471,0.008424061624667621,0.008424061624667621,0.00793964626814183,0.0010156086330502286,-0.0028402832482209085,0.006120759150826629,0.005650936663388504
2024-05-14,-0.006504740106352872,2.578982371394649e-05,-0.00796680879223036,0.0031531343732980666,-0.002677723980431457,-0.0025127965886400654,0.004211076792169698,-0.009859038882971918,-0.007220377417316185,-0.007220377417316185,-0.00235877670232034,1.0027165458214584e-06,-0.002697319209911255,-0.0016680443304066437,0.00041861540061117206
2024-05-15,-0.006026591525205467,0.008247991532499839,-0.0018133501465105262,-0.002610116054974,-0.016566019052854326,-0.016882400216162483,0.003247374940578153,-0.011591025969764059,-0.01317036034245831,-0.01317036034245831,-0.017223829443353458,-0.01242961045495369,-0.007093298247532163,-0.005136045019724051,0.007107520759369556
2024-05-16,-0.01619810048384117,-0.000842317362615569,0.00526902714107887,-0.005056809811432318,-0.010370620745193172,-0.011569634592989257,0.0011223219420515066,0.010779641188118914,-0.004015229277573335,-0.004015229277573335,-0.005812029770457374,0.0016652594844584296,0.0005543161132196826,-0.0027983929690333933,-0.012849586196432434
2024-05-17,-0.0036992840132623883,0.0012422640744529727,-0.0006433406544080796,0.011394619450380408,-0.004578229168153158,-0.0046229932488969444,0.019868550144072305,-0.006011183503355689,-0.007631812509077265,-0.007631812509077265,0.0034885576383956144,-0.00388436868462661,-0.018946268578306984,0.001526310015679533,-0.006129601232626928
2024-05-20,-0.004900165990657928,-0.012798858423698966,0.0011068406427524,-0.005048717314465304,-0.0048939749875238315,-0.002936581486751077,-0.019545499611259363,0.0011735736181114952,-0.002896581486751077,-0.002896581486751077,0.005097493393486823,0.012429981718875638,0.00467406521532693,0.007936959113852627,-0.009295060113573448
2024-05-21,-0.0005363363373456086,0.0039434007289578165,0.005954449924104513,-0.0025871042123830168,-0.0017853567855937128,0.003520572753982426,-0.006037711625541027,0.0025200111840238738,0.009758848074234848,0.009758848074234848,-0.004327353768171726,-0.00456209867344178,-0.0023338662042170946,0.0009384840846255399,0.006320146409216405
2024-05-22,-0.007449683589955677,0.007087734065129743,-0.009089100109542862,0.0025148700849477886,-0.008096322321221613,-0.008558026118738536,-0.0025811283387370564,-0.008765472062581067,-0.008176322321221613,-0.008176322321221613,-0.0024968923163674783,-0.00031254377082703537,0.002999120558741643,-0.004637206713940745,0.0020112261862561165
2024-05-23,0.02360667264465226,-0.029095190857485156,0.011298255508883661,0.007890403449774304,0.020909766950205844,0.021154747441553757,-0.004225259786693867,0.018705333004066602,0.020909766950205844,0.020909766950205844,0.008753484938355672,0.022508115310696873,-0.00950305632768943,0.013255575396328757,-0.011220193688320772
2024-05-24,-0.005961544049807917,0.0018944775456927131,-0.001509367075504225,-0.003942659413901049,-0.0038228072091929955,-0.004395193651811273,-0.005227654831331239,-0.0051133584540721914,-0.004250370312472227,-0.004250370312472227,0.0010129540257598068,-0.0014872159419899178,-0.005995122899053949,-0.0025241875103092976,0.0012058449932666317
2024-05-27,0.00693857455965564,-0.013721476435544196,0.006708161717483717,0.011340524505569405,0.0033344407566053788,0.006258921366221957,0.0059331002346163465,-0.00019354429487224086,0.0031036109398072773,0.0031036109398072773,0.00026644942227586,0.006084943689662059,-0.0037222611286921283,0.006202512164039688,-0.003567983596381892
2024-05-28,-0.0018153200954478543,-0.010064151127533696,0.00029518467885631034,-0.005332188489528185,-0.00040155882429754954,-0.00044155882429754953,-0.008109338721883555,-0.0007103240486366015,-0.0010994183226443253,-0.0010994183226443253,0.0009738013883870242,-0.00867712980037634,-0.01089674883932335,-0.0022912478925928626,-0.013148095456886244
2024-05-29,0.01671464696926867,-0.023320400082466424,-0.002727028692212594,3.819836466426244e-05,0.012748574225392587,0.012748574225392587,-0.006962712976523732,0.011443686288852672,0.009302315294761419,0.009302315294761419,0.0027893011353309614,0.021614410096982423,-0.002484147245351486,0.01588277786390078,-0.0003075266874907268
2024-05-30,0.004807121178851146,-0.010750388041620982,-0.002006923984301283,0.010218265717669048,0.002579406961799411,0.002579406961799411,0.006742244296812324,0.00211329060224573,0.002579406961799411,0.002579406961799411,0.008835915920681319,0.0019651732000441373,-0.008134489447307734,0.009316324665544436,-0.00017362731871841113
2024-05-31,0.006542988888593612,-0.005109597234778845,-0.012923028603383364,-0.0020899009244568422,0.005324327576970898,0.004556608902599367,0.0021357988062314583,-0.004248736465216284,0.005324327576970898,0.005324327576970898,0.00834312187942643,0.006528521237781249,-0.002191395721891788,-0.004214282770210362,0.012038184437862198
2024-06-03,0.00038373243609941593,-0.008136217770161295,0.006942334851776285,-0.0006502889972027326,-0.002949947059747576,-0.003227292369728797,-0.006890145578178024,-0.0063577336100235195,-0.006672810720594572,-0.006672810720594572,-0.0018170689125489752,0.0004992537029559504,-0.00885875976658713,0.0012822296468966293,-0.008210085334379558
2024-06-04,-0.012635858516161568,0.017696577041537775,0.0006799570817406618,-0.0007410623343291077,-0.013485200257266482,-0.01233241192332865,0.0013682648800142075,-0.011223653099670093,-0.013405200257266481,-0.013405200257266481,-0.026876206405063132,-0.015743697559126534,0.021136674337977984,-0.016128690542698852,-0.012160726841561885
2024-06-05,-0.0021537508877559727,-0.005388677736698045,-0.0014652735101371157,0.004142333212757759,-0.010797961813331168,-0.011923744041115902,0.0008997789171019607,-0.010760046968151084,-0.010147434488307204,-0.010147434488307204,0.0025551449773647678,-0.0062918032080772155,-0.0030266618423047836,-0.00043830625576985556,-0.004954955203652971
2024-06-06,-0.003325308329271582,-0.0037002532073599176,0.02232543988701943,0.0027217863378535467,-0.006612076108077979,-0.006299951843392524,0.005555820013204332,-0.006722741986273345,-0.006362460631312103,-0.006362460631312103,-0.00598404809277716,-0.0009604541568805893,0.000929734151275422,-0.002018064817620096,-0.0005846748601116171
2024-06-07,-0.014173402758420113,0.013655019029917588,-0.0010457185331637748,-0.002508304527590878,-0.01195196721835444,-0.01190351444470502,0.004915675753811717,-0.00428687808164343,-0.003953738401325129,-0.003953738401325129,-0.008640053531519542,-0.016464513778782497,0.006355597532543083,-0.0077684154333502835,-0.00699525727354927
2024-06-11,0.012835258754694682,-0.008109935916740136,0.0022970700543285937,-0.007130470252127233,0.010297855420406466,0.007812404410133567,-0.0008887055951653225,0.0075725260750429515,0.010668537338929113,0.010668537338929113,0.004150872177065275,0.004755321911844144,0.0070710989174907835,0.0019335789035786629,0.006220133609391443
2024-06-12,-0.013809652046911949,0.017586806948548573,-0.003507471114640646,-0.0035832421392665956,-0.009748810846156624,-0.007791907761786199,0.00027692319801674524,-0.005484161602501282,-0.008271488678177586,-0.008271488678177586,-0.01483339691650891,-0.013055475133085246,0.022360000234076468,-0.008069424398125151,0.010252796771127757
2024-06-13,0.024455144335513032,-0.01257462353301263,0.0032265430516136948,0.022342701181500856,0.029115309537092838,0.02969281015541551,0.02230525344495802,0.023183134133087546,0.023788954636917027,0.023788954636917027,0.02652844331789765,0.03167323173180105,-0.021233547720174002,0.025689305005628417,0.00957641564143065
2024-06-14,-0.023526876902511196,-0.006828744756722053,-0.013251846008814494,-0.010683787637529286,-0.021645046864823398,-0.021791436627156376,-0.008269118905368992,-0.02301894467115049,-0.02064624831971017,-0.02064624831971017,-0.012017664293600266,-0.003777050342027918,0.0028722279584166652,-0.010783493409179013,-0.0025705971459444843
2024-06-17,-0.02317775786196487,0.008929401316729995,0.011933561160009697,0.0014039971679481141,-0.0099330643538641,-0.00693035861998803,0.010857417315765202,-0.010925370991882923,-0.013435882634808551,-0.013435882634808551,-0.013258793419944749,-0.013160114588093214,0.009915110998164648,-0.005671194087980652,0.007661639164981095
2024-06-18,0.020383537097188174,-0.0025584367001152673,0.0037541534579308452,-0.0007140505104292489,0.014923743720254698,0.016456328336380565,-0.00014151643318406293,0.019463852383636786,0.016536328336380565,0.016536328336380565,0.010768566151019388,0.01205597795972472,-0.0005701995237630374,0.013292772419511649,0.006377358480595299
2024-06-19,0.010943148527865761,-0.006075314842672531,0.0013954811384721002,0.0033398994266356655,0.0063497206573678334,0.005045559522493221,-0.004656474022946483,0.006695685698973904,0.005045285022360857,0.005045285022360857,0.0056217990566446805,0.005568611072026085,-0.00493111982346945,0.0037043548513678052,-0.012519905651445609
2024-06-20,-0.009761884856781778,-0.000649641569785885,0.01107128012670296,9.023813569120718e-05,0.0033473570890849005,0.0006509869138626127,0.0006002725625708247,0.0013784046111934472,0.0037308775907710237,0.0037308775907710237,-0.012526906625420633,-0.008862124535798127,0.007796071234110957,-0.005378420198174933,-0.001867846621151849
2024-06-21,0.01280206138129249,-0.008617865715897358,-0.007556832493378469,0.015108507604807255,0.012232548366656746,0.013625792521966574,0.013621955947963308,0.016813265861213716,0.013608617039359627,0.013608617039359627,0.024927070362285586,0.0333472044277172,-0.0060901871167486216,0.026208864370068044,-0.004772380574095318
2024-06-24,0.0167770794403338,0.013867987557803718,0.011359892212555515,0.013390197282189082,0.010804267162370602,0.012624654531063878,0.012905724194712179,0.017381833402240716,0.012584654531063878,0.012584654531063878,0.011666770058498446,0.002261580685117988,-0.005338416461594823,0.00442792767193569,0.0015031121565465555
2024-06-25,-0.006491797806279346,-0.02853788844267912,0.0039893022870430336,-0.008026337591918939,-4.936087651576351e-05,0.008278927031083556,-0.017006660402311063,0.0030565268341353627,-0.0023896704770641126,-0.0023896704770641126,-0.0034226654752216768,-0.0010364791530720087,-0.008401797772813442,0.015258938722060529,0.006053181498191724
2024-06-26,-0.0038807085031863334,0.005653325035129566,0.007285213025203596,-0.0023263241274192395,-0.001935680286958671,0.0005866797649499344,0.003014274036822821,0.009470667600999263,0.0018287517483419082,0.0018287517483419082,-0.00559329654371151,0.011489345245033608,0.017597494771203058,0.0007956780022085961,-0.006657791672015144
2024-06-27,-0.01757047279562854,0.0005440475521406899,0.01739652805213822,0.014449070353260525,-0.012101112795148188,-0.011717043573121843,0.015476582372546264,-0.009787328779759144,-0.011371616205272958,-0.011371616205272958,-0.016756431306946123,-0.017814718676503125,0.006008886733030391,-0.017903786517073875,-0.009782415642110765
2024-06-28,0.002646326302869108,0.0003313997111331295,0.009614104596602072,0.01605641589402891,0.014029687532268255,0.007631438772235201,0.014643783349522405,0.004037993659991161,0.009109571104929727,0.009109571104929727,-0.005197081127041665,-0.0027526384027428794,0.005334651027787349,0.001228391226015464,-0.0032091094231596565
2024-07-01,0.008616427623675708,-0.01979783472934673,-0.007447665025476944,0.015694802444703414,0.006824307019619449,0.006435438835133326,0.010255149722894567,0.010756529089922702,0.008004256715895032,0.008004256715895032,0.0065640824562597875,0.018869523604188556,-0.00411766209864423,0.011522952713527395,-0.0023941899386524194
2024-07-02,-0.002145151004511769,0.004598151459523465,0.011566867230056276,0.006475785312538271,-0.004426828525441384,-0.0025479607398636826,0.008793369099666706,0.0015438111934838652,-0.0009681819089000197,-0.0009681819089000197,-0.003316666504857658,-0.002592438860832991,0.002075463033723344,-0.005157407139476402,-0.002769135399408566
2024-07-03,0.0016629624256104807,-0.0074215059323834735,-0.0014769599354640989,-0.01739173970447646,0.005134337840984047,0.0052162586216446035,-0.014710188749107308,-0.0009903745008657942,0.001599314580106869,0.001599314580106869,0.004498603485364969,-0.003526025324751016,-0.0035391422525198244,0.003564361729024643,-0.011842944928609066
2024-07-04,0.002679271718381825,0.0013186331540356612,4.016328120579146e-05,0.008775987069898898,0.0028125013913999864,0.0022400857538011137,0.010857089089762597,-0.0035894620437154105,-0.0012264782320200339,-0.0012264782320200339,0.0003256655371486067,-0.01586655552432201,-0.008923714119852502,0.0030669051555161937,-0.005994507537556654
2024-07-05,-0.010612933271515988,0.00935343547638661,-2.6128944370613886e-05,-0.0026363365595915857,-0.000709623265400732,-0.006412694771478038,0.0009989350468934837,-0.007422115573936284,-0.004251492041607988,-0.004251492041607988,-0.008561650499791261,-0.012073328000936917,0.007977640510349476,-0.01661011468622962,-0.00034834875002459344
2024-07-08,-0.007055294836383107,-0.0037492024639879567,-0.012063675806489394,0.015644145122758323,-0.016315417882749032,-0.020171310387335304,0.01697837171728929,-0.020346080618311075,-0.021160413883663697,-0.021160413883663697,0.002666680069113556,-0.005880584712763057,-0.00919097445071239,-0.004091028158957566,0.004059410735030035
2024-07-09,-0.007928816154131175,-0.005020839074223817,0.010329250049829198,-0.006427031875330596,-0.0034605810559483136,-0.003198110332141268,-0.0036029601676412118,0.0011255067082167707,-0.004126143536258838,-0.004126143536258838,-0.005980288625451349,0.0063174122174009546,0.0007137034983287462,0.010123182943311689,0.0016383402277819455
2024-07-10,0.005849551252717376,0.0032860875533695104,0.001277614910718189,-0.0029186411336355436,0.00925554172800855,0.011640650066384432,-0.00015169374541172055,0.009419515076605562,0.01165983555161271,0.01165983555161271,0.002742202764532614,-0.007087126397191125,-0.00010965902548174325,0.00587500512377884,-0.005216833829661473
2024-07-11,0.019768395713422836,-0.0234762480302881,0.0033989867175931564,0.006663930803221078,0.02537389231099325,0.02306133545091251,-0.008747576977285405,0.014306153574514115,0.025284827938941174,0.025284827938941174,0.005903394483987487,0.019819512661344435,0.008145189511204966,0.020973048550384326,-0.011603955066084163
2024-07-12,-0.004913031235495716,-0.01349230981220235,-0.016293890247492126,0.003143992247027959,-0.002351331652264095,-0.004438021063365192,0.004139796967950122,-0.0015829037625993898,-0.0031839244056254407,-0.0031839244056254407,0.009635181733869775,-0.004594294290044797,-0.006686501107838553,0.010201564038349537,0.0004769217243892594
2024-07-15,-0.013268250115873154,0.010871904460185107,-0.007210665226373641,-0.0050506127413550185,-0.012633733972341922,-0.008084970983945214,0.003994158769957619,-0.01661302178784509,-0.014673644166158958,-0.014673644166158958,-0.002409112313055258,-0.015574310720964237,0.010306618628684464,-0.018388484723229105,0.001246114042294197
2024-07-16,0.010237232380494546,0.017140057930637654,-0.00634094606438677,0.01696702423622936,0.00453398513766821,0.008572294077473208,0.0203886872850317,0.007550751528154396,0.00475004142150011,0.00475004142150011,0.006400902516224456,0.007974866995328667,0.0107779334717985,0.005731216457077926,-0.003402139058465824
2024-07-17,-0.0020213991634619234,0.003150373258054544,0.00043640581205984326,0.005140271519470559,-0.001299543014970395,-0.0013395430149703948,0.0073154608069455306,-0.0025113325690065036,-0.002200001141954937,-0.002200001141954937,-0.0009785640179292396,0.004569192588548532,-0.0012305371493993582,0.002044054314133228,0.0018208498765537684
2024-07-18,0.013796306614585982,0.0038296497817450555,-0.016987194862293883,0.009262964600960322,0.012624262769309443,0.012624262769309443,0.014217866523647385,0.014650410346121112,0.012664262769309443,0.012664262769309443,0.009032763876083698,-0.002277846978412781,0.004593398535737704,-0.0004975374458112248,0.0053626528761823835
2024-07-19,0.00033338785740497464,0.004980743421519054,-0.003670555888133221,-0.0030427131671782568,-0.00033704403094289776,-0.00033704403094289776,-0.0014489923710154441,-0.0018106560184248221,-0.00033704403094289776,-0.00033704403094289776,-0.006386147433325778,-0.002967495635514358,-0.0010214028748903243,-0.007902076821854228,0.0004681907085559599
2024-07-22,-0.0016242984439726062,0.00795033556803826,0.021050074448170544,0.0062237645932711316,-4.359473347580336e-05,-0.011076719016094272,0.01687966507160493,0.00034652805411528704,0.00034652805411528704,0.00034652805411528704,-0.02011310191666052,0.008649472009039778,-0.00020530028984590393,-0.007525945361432158,-0.0016200890402729617
2024-07-23,-0.006132301628376953,0.014985918087001334,-0.005137267039916344,-0.007996940452289665,-0.01518111027544989,-0.014153720302510272,-0.0037411092889422562,-0.01510111027544989,-0.013181020693909893,-0.013181020693909893,-0.01217303716603757,-0.00172450494781651,0.00237716401006752,-0.008810038074087565,-0.00702625400889214
2024-07-24,-0.006016597721251232,0.0055530055328404234,0.006551978678508189,-0.006343148527905262,7.351122313208087e-05,-0.003247078635754164,0.0016222821921884343,-0.0048801949851254665,3.3511223132080885e-05,3.3511223132080885e-05,-0.007339808532247625,0.0035393224950721267,0.010348493003932105,-0.00632517142898653,-0.009369871692902624
2024-07-25,0.01055393638067969,-0.005998279740539013,-0.007808916269337683,0.010679900520417411,0.020693871577387366,0.020733871577387365,-0.007570814277730383,0.018798642397590645,0.020693871577387366,0.020693871577387366,0.012535217779333283,0.01536838944930875,-0.019167531086837847,0.01736807492258238,-0.005800984940185541
2024-07-26,-0.001680321204657521,0.004017726014967038,0.008804417450087431,-0.007561776672840638,-0.01323564355936626,-0.013654431438154138,-0.0024521253154558085,-0.012752400316123019,-0.013654431438154138,-0.013654431438154138,-0.005682476539446123,0.0027786124155133943,-5.153683807798706e-05,-0.0036683404364716106,-0.004369640387967366
2024-07-29,-0.006393749655732969,0.000674473102246603,0.002616633032975775,0.004553111090784445,-0.0005068588423701127,-0.0004668588423701127,0.000430557838017104,0.004684812393879246,0.0013340263499258364,0.0013340263499258364,-0.004417385287355332,-0.0013806079830048289,0.005016285756343557,-0.0010749181303550007,-0.00047198093452093215
2024-07-30,0.01442652074019166,-0.017653569193815853,-0.0005912654913104589,0.008426443846112724,0.014024123068701171,0.013074369869419714,0.0026377660507227968,0.009267882761603547,0.01398412306870117,0.01398412306870117,0.01823504607354832,0.011748128362154015,-0.01482501730554178,0.013224980568592958,0.00978600567276948
2024-07-31,-0.018609288565897733,0.00716715370505109,0.009510882080945514,-0.005211150227761621,-0.022602372268827272,-0.022602372268827272,-0.001436279758723193,-0.026980593856718943,-0.022623285923341983,-0.022623285923341983,-0.019634922638750166,-0.009152833543813516,0.010950752685898499,-0.01842718747322725,0.0033285131113900885
2024-08-01,-0.00032145993642878235,-0.003260598505739117,4.402955761605129e-05,-0.0015175093343962407,-0.0005653213533369844,0.0018410924340795146,0.0006510660571686927,0.00036037172039188136,-0.0005253213533369844,-0.0005253213533369844,-0.0032059975033850345,0.003997038058670925,0.004097311792401216,0.002531977950888107,-0.010880224601454021
2024-08-02,0.005917757521376112,-0.0010868778473251644,0.004495781409084574,-0.010195408435126292,0.007599047733684701,0.007599047733684701,-0.012544863300398617,0.008901089501424625,0.007599047733684701,0.007599047733684701,-0.005680459762364978,0.007374628237916948,0.009864270191436222,-0.0009182086002780533,-0.011742448187662563
2024-08-05,0.002645329561471544,0.01080602561400851,-0.001006051178962354,0.0022190816194177067,0.007802347868952032,-0.0020745052549999924,-0.01239185768422437,-0.0019472972126757585,0.0022190816194177067,0.01239614703012244,-0.003338105135500302,-0.006470300056599065,-0.010027580989773164,0.003680418332251868,0.010161814990547937
2024-08-06,-0.005022531756791885,-0.006107823114014761,-0.004821252553546662,-0.003554463599086789,-0.006958669833245528,-0.008669000975455834,-0.0005968163946813226,-0.009102628755522757,-0.003554463599086789,-0.003790068120211644,-0.0039354865126142394,-0.00020200459146962852,0.000906559397489001,-0.007837537308077968,-0.010080614274484818
2024-08-07,-0.00554626022448668,-0.017689625103761097,0.005686375061507117,-0.01089779491598926,0.0011692385903737453,-0.006952165943768388,0.003846139982659409,-0.004618663000376714,-0.01089779491598926,-0.015448104447330713,-0.0026987741316660163,0.010070287302911783,0.012542164997753947,-0.005287586547539844,0.0031203655317122024
2024-08-08,0.011808880074788848,0.009447243791736094,0.002785946887773667,0.007064808964079994,0.00033231433484783474,0.008976368710888145,0.004097601562398723,0.0038434664289825043,0.007064808964079994,0.0018205730822251406,0.004037389211071481,-0.011617320298007487,-0.0008610169122665943,0.005837324410962776,-0.00429284324758326
2024-08-09,-0.0045797123487295605,0.0007132660660740031,-0.0010415006905320138,9.79806642211518e-06,-0.0005402175566758199,0.0009686601974805419,0.013915618069267485,0.0038678687871323537,9.79806642211518e-06,0.006389440555943258,0.002611813266665457,0.008010883807223602,0.009617388892670121,-0.006029271596690518,0.002006843124726306
2024-08-12,0.0011814805863135588,0.006125777205770588,-5.6031384439029235e-05,0.015319139791862625,0.001386363595554607,0.014443147426701598,0.006647367449524043,0.011357758446726048,0.015319139791862625,0.0004940052085928846,0.005373938483596455,-0.007405041905081592,-0.014006544197940726,0.006506870047610118,-0.00809512274246786
2024-08-13,-0.0023667331234461424,0.0054483046359349785,0.004318458478534463,0.006615928158551298,0.0042212584030434375,0.0044258459703059565,0.00635776920930505,0.00243495103124706,0.006615928158551298,-0.005904098043346824,-0.0025738076560122944,-0.0006075930106351684,-0.002620039374705251,-1.9500671941440544e-05,-0.007322213293087691
2024-08-14,0.004637517895095348,0.011482507256135569,0.011247629188082192,-0.0016201319506406794,0.009599001670788485,0.001229361874040796,-0.010168245723895375,-0.004088470455118905,-0.0016201319506406794,0.011339969644432362,-0.0015967259163693786,-0.007190521310194694,-0.0057469169850178905,0.010388389142498624,5.041732563124276e-05
2024-08-15,-0.011491435421919091,-0.007610081996017287,0.0012424100296803968,-0.002525611444660483,0.0009550125245301187,-0.005100346401059269,-0.0006266830844874314,-0.006618606332285231,-0.002525611444660483,0.0041847045711838424,-0.004886026164227253,0.007845389328200586,0.012146339341170272,-0.0029832480866939905,0.00654089801555354
2024-08-16,-0.010196922063984303,-0.00801609443833132,0.01389085203291518,-0.007969976370947936,0.014335909984390828,0.003981170205398693,-0.0030455911118532457,-0.008311259019132761,-0.007969976370947936,-0.004583813025093127,-0.006328016338522174,0.000718733992714941,0.005707469878279696,-0.0001420610308420647,0.0018594530266650418
2024-08-19,-0.006249573675148554,-0.001681260158428212,0.0023197095694966743,-0.002169983834235561,0.004378439640706261,-0.00521273863142293,-0.0004217083209478742,-0.004183551598107812,-0.002169983834235561,-0.005743077342296658,0.0007732951130900431,0.007616511019872607,0.0026075157507429595,-0.002885589244148497,0.01122672277417487
2024-08-20,-0.0027364133105055605,-0.0031683704334975224,-0.0017586677209197054,-0.0003794470457010049,-0.0039572040681409,0.001985581205679996,0.0029721048774423798,0.0012104980733157683,-0.0003794470457010049,-0.002203528409669628,0.0006080700803628439,-0.0020171150380846113,-0.004451969057444119,-0.004746137801066198,-0.01719558925112982
2024-08-21,-0.016454088055118467,-0.007619522572006003,0.005716127680394989,0.0025824446561940983,0.006372536378545025,0.0032870869137415237,0.011549982546556637,-0.0002146451468236608,0.0025824446561940983,-0.01172680275210751,-0.0038051224918486163,0.015245969780636531,0.00969123743784561,-0.007035571106780611,0.0019453143207656522
2024-08-22,0.0022151682418124425,0.0013687685819533397,-0.0025894748426038765,0.008622371996862123,-0.0041775567329272465,0.009666763721263214,0.006603536705491083,0.0029817000962472,0.008622371996862123,0.0038197024979725524,0.0028340946927182848,-0.0024387800626565117,-0.00212824220546143,-0.0014675255943188852,0.008494552323816223
2024-08-23,0.0028101588325036716,0.0014251528968376075,0.002369184338385384,0.010932147235839544,0.009200654296547,0.006883263429767346,0.00023851812204747402,0.014408412743331033,0.010932147235839544,-0.0006138619679035772,0.006952954228872144,-0.0005345722668918441,-0.005740211483661497,0.0005993383281516993,-0.0002448486448981146
2024-08-26,-0.005533554582482333,-0.006493770551143669,-0.004419860867862111,-0.010523065953474254,-0.0053583481649869865,-0.006713661543644491,-0.004445771571130677,-0.0019218135296743043,-0.010523065953474254,-0.01268970844679815,0.007962461359229739,0.007418044821329785,-0.0022899731274443535,-0.011366054639220401,-0.0008545384391749817
2024-08-27,0.011846621938000278,-0.003264424672696216,0.008524370846950471,0.0006584983744529174,0.010769134114464597,-0.0008755695194548923,-0.00913023752898974,0.0005849343562242405,0.0006584983744529174,-0.007392888607939325,0.009248680703480828,-0.002104400010759515,-0.00910614057614653,-0.005032376877656807,0.003853229261184122
2024-08-28,0.029566954224959273,0.027244652826034194,-0.016902130732871782,0.0008512156488319503,-0.01866320524449498,0.0047378132483161745,-0.021345345655945678,0.006261158512862149,0.0008512156488319503,0.01660369763685289,0.014011002877565779,-0.025869438770500085,-0.026373565909283834,0.029853383708230766,-0.005543146726669503
2024-08-29,0.02291443741716992,0.009853146156005306,-0.016794248984627384,0.008757868105492136,-0.021329125980645187,0.010842408936611555,-0.007412084077261003,0.008909798112953407,0.008757868105492136,0.010448685577387215,0.025805865082384288,-0.02899107501638091,-0.009357442530724965,0.025582445845746423,-0.02058600929382744
2024-08-30,-0.012927215882477116,0.00826288469064322,0.002606893073439431,-0.008027764283434286,0.007900590127376804,-0.006752547054269649,0.02569033838263973,-0.006513431446278411,-0.008027764283434286,0.02463762829694294,-0.007962667585556147,0.01028654834547334,0.015311153189232188,-0.0009205314412518949,0.0026500025576296953
2024-09-02,-0.006343381951225929,-0.018679832976060334,-0.00913646109486834,0.008450321615556483,-0.009000536679559155,0.009643863846273457,0.01400099950258247,0.0025246524456012647,0.008450321615556483,-0.019301890262274028,-0.0023244503825962212,0.011586730740931896,-0.000669610066827313,-0.015925569407167165,0.005851506213094621
2024-09-03,0.0018454971372621472,0.0009549578036685018,-0.0013382502340824544,-0.005206240139259029,0.0039343173690095734,-0.004691097571650337,-0.0032656365872020562,-0.002118191836356849,-0.005206240139259029,0.0026466773378479116,-0.002586559359380614,-0.00022980853405355265,-0.003372457852887824,0.001970638452385358,-0.007866989267368674
2024-09-04,0.012857785543190284,0.0008181851235267911,0.002764776152611666,0.000449730500637897,0.0010032683702457358,0.01577205731976344,-0.00240323576098512,-0.0009375158752957494,0.000449730500637897,0.006401687803852642,0.000955151592085781,-0.009388119453151496,-0.011112743513625602,0.008718056749697395,-0.00037702065485927796
2024-09-05,2.723976443700854e-05,0.0032852835194900542,0.008207026832165506,-0.003560826126815279,0.011537335932089122,0.0017933276290689423,-0.005795903256519503,-0.0077570735283855,-0.003560826126815279,-0.0007867449178691733,-0.007436055385589858,0.00010508889755494964,-0.006207638133508183,0.004001830450713015,-0.0005465649302365622
2024-09-06,-0.00932000703214014,-0.009232711589936497,-0.000504910464530266,-0.000882265234480776,-0.0014039255243025422,-0.004518477401788941,1.6898977997664732e-06,-0.0021823726637330196,-0.000882265234480776,-0.0018393120581873897,-0.007392686709655522,0.013889193318342567,0.009547397259797278,-0.014129203961580497,-0.008594182327393386
2024-09-09,0.012735488025011331,0.0042441345362640255,0.0043466085941108665,0.008430694152230186,-0.00373987315923066,0.0035635454127567016,0.004603431338304024,0.0016636517249622785,0.008430694152230186,0.006989919470868962,0.003939019902109949,-0.014006736573269724,-0.00020000007401677593,0.009929618454098678,0.006605772688673624
2024-09-10,-0.004831410465116391,-0.008684550168023854,-0.0034354889684758247,-0.005432121485801566,-0.008944642078853798,4.242493406368317e-05,-0.003858662508795023,-0.006507726975904197,-0.005432121485801566,-0.005057871898645376,-0.00589439179412434,0.011599384743396697,0.0018108352095018315,-0.01443692265259192,0.004595853944049355
2024-09-11,-0.006036526713370143,0.0016643720817338071,0.01068700266485866,0.0037669907490038537,0.014320559588717172,0.005157837783197629,0.0019076415697732694,0.003725153912236432,0.0037669907490038537,0.008040623037135965,-0.0007524883395615576,0.00550993605860566,0.011449939137828581,-0.0007686583908448057,-0.003820494510068701
2024-09-12,-0.010721552524759351,-0.006444959555796573,0.004139721032386889,-0.0019557517591103977,0.00721423589274349,-0.005848976034279521,0.007254566591244985,-0.003664514818931621,-0.0019557517591103977,-0.009881442407628819,-0.00824267336852894,-0.0006226371249251171,0.00465256672376744,-0.003443860751900406,-0.0050446959422095075
2024-09-13,-0.006775394356647682,0.00021645501429219552,0.00010410335956944249,-0.0016079183143853704,0.0007340306672372642,1.5068590622165486e-05,0.0023611241395811956,-0.0036287118954327316,-0.0016079183143853704,-0.018775418489021693,-0.005524989442798336,0.007340442745082656,0.004407349560545952,-0.008493933348369363,-0.00126232155072847
2024-09-18,0.007874822351118882,-0.005142353446006858,0.020906019791408742,0.0027967601664424416,0.017691250537115073,0.004827109235735411,0.005728101629470403,0.001193331192003213,0.0027967601664424416,-0.005019156719675222,0.003596554955454873,-0.0076986220228899,-0.00140674541503657,0.0032535095168785767,0.006962337281408874
2024-09-19,0.00533628401760786,0.001367418608025972,0.004134891833370083,0.003935796728373705,0.008213690467807708,0.003817891197395984,-0.00015446915480562908,7.490935101702991e-06,0.003935796728373705,-0.006871424668362924,-0.01090954752618781,-0.004309503037746762,0.0006479639882113904,0.004162103989823456,-0.003053333810109975
2024-09-20,0.014467663873637137,-0.004690174210372438,-0.0007628773979125657,0.00031663298995379186,-0.0007633973456024905,0.002716895189516023,-0.003353974368382412,0.0028983494138487076,0.00031663298995379186,-0.00019228588294532435,0.007530034065163278,-0.005629610168016782,0.0023861987537461965,0.003832544903536779,-0.0050656963832751215
2024-09-23,0.022482764071422447,0.017472029733655317,0.004050281139071801,-0.0030818165053519237,0.009366704538459397,-0.008899011542323237,-0.014278213083005245,0.00787676615240815,-0.0030818165053519237,0.0007648468570678041,0.005119061666340487,-0.02380387773707012,-0.019375634854468672,0.023588997948700716,0.003688161767208145
2024-09-24,0.0017676152492791042,-0.002324933403813686,0.004650665041914009,-0.007846429034615344,0.007054619726505064,-0.00570462474352763,-0.01235247224831112,-0.003264391937958523,-0.007846429034615344,-0.004951837055735192,-0.00703614548539425,0.010979057251896256,-0.005658701497622391,-0.012018734766671106,0.01690677388138498
2024-09-25,-0.00704782342355911,-0.04212013906424925,-0.017618887953414934,-0.04012029404815023,-0.011464255037675846,-0.021087874353092895,-0.0015940140713663641,-0.027598686071052342,-0.04012029404815023,-0.007865883999779374,-0.03019719415571376,-0.004351272093133861,0.03935729282914827,-0.0014461966172890132,-0.008292523892612385
2024-09-26,-0.02445973215928912,-0.03289798543442706,-0.015000450988068023,-0.03421055084799528,-0.010802893701962722,-0.02712806252163348,-0.012557044781792159,-0.02531572809728147,-0.03421055084799528,-0.011508229746980132,-0.021707692924704817,0.004511861166624696,0.017764568000739986,-0.0031190820834398315,-3.005718946205542e-05
2024-09-27,-0.010691880813725052,-0.030211034616641493,-0.011665000506391932,-0.0122074506573117,-0.009271275836973698,-0.013309820274990398,0.0008731051489233751,-0.005489890645108683,-0.0122074506573117,-0.023318966546587508,-0.020191502379877106,0.0014146318364254367,0.020179324142925534,-0.018618582592716353,-0.009503456568747067
2024-09-30,-0.028190254525766203,-0.04472414975768813,-0.025370401547988558,-0.034693485326386164,-0.02619755101216571,-0.0244830359250238,0.009846443474294489,-0.026993246066651443,-0.034693485326386164,-0.030382626809453,-0.04994171838701036,0.04228078144703749,0.040316798460906626,-0.0519066211398944,-0.016737010800147053
2024-10-08,0.003638686527317286,0.015760077883450792,-0.01393947246838725,-0.005520626920927928,-0.018041544929781907,0.0026980355483543143,0.012305192840500035,0.008779997414441803,-0.005520626920927928,-0.005542845603320496,0.01841341215978335,0.005912688586654172,-0.01838502141692852,0.01759871468048176,-0.0009709388394313115
2024-10-09,0.0430810237559154,0.04362021116010592,0.012941821286091013,0.02507483296917776,0.019335921939917098,0.024412340089251784,-0.01695490933188764,0.008073390465912563,0.02507483296917776,0.028712989932969002,0.031088272460084092,-0.03739894936410021,-0.02369728125165577,0.030760710124954068,0.020004190248162308
2024-10-10,0.004636745828702322,0.03956784750050067,0.00699821934291203,-0.0070115923518030265,0.007351392621039562,-0.007286787919517857,-0.03780964441424169,-0.011241396412254249,-0.0070115923518030265,0.01154991374687886,0.00916916384857872,-0.007639362575147282,-0.01404960819410683,0.011284544778690907,-0.006950536326247324
2024-10-11,-0.009051439237588289,-0.013398493021181661,0.0014841551846917038,-0.0006386733245780753,0.0014041551846917038,-0.009041633857546189,0.0017798167575732513,-0.009503028527858089,-0.0006386733245780753,-0.022212122843042553,-0.009173010087674446,0.0034070877634440836,0.006955912650672992,-0.005974921645768259,-0.0015563317753468672
2024-10-14,0.0014611567097939846,0.004496552525988064,-0.007797554508090767,0.002095461027049396,-0.00569661412008661,-0.006993400995009284,-0.01147375861379981,-0.0042722005517633116,0.002095461027049396,0.01592719280725997,-0.004472716614792319,-0.006693619462477454,-0.0034111333399679156,0.003085288959623004,0.005630215564122465
2024-10-15,-0.0015088552045130856,-0.00681609674456964,0.013701498470763518,0.013654120954690067,0.005865564099535358,0.014490047983695666,0.009347270753749796,0.0020580454964170595,0.013654120954690067,-0.017110162038725354,-0.0009629468777129838,-0.0036574309846578975,-0.021619772182315915,-0.001913941759569671,0.0015270719094070413
2024-10-16,-0.0026564499870254843,0.01638967048536369,0.00107216221607409,-0.02114676340394007,-0.000676790104079961,-0.02286739477334972,-0.023783269977896412,-0.0200193444475828,-0.02114676340394007,0.012885802205682115,-0.008697755031396024,-0.00800387488288068,-0.00624675439471616,0.00880528726517814,0.0028761965676681817
2024-10-17,0.0027546448933729755,0.023861217680180055,-0.009110077325837709,-0.007190698128037802,-0.012859380972452256,-0.023273827314390705,-0.0030725735662218995,-0.009010052868824005,-0.007190698128037802,-0.0025313160947267057,-0.0030367773685370148,-0.004061695224675167,0.002409590279366854,0.00814765017401029,-0.011713622373731108
2024-10-18,-0.013358748410678687,0.004416641983537613,-0.003461311848866821,-0.026835205182110106,-0.0046293034932734616,-0.01604195189642357,-0.012236588216725327,-0.01236630542128723,-0.026835205182110106,0.012246982348113302,-0.014373702842484232,0.005181038805795243,0.014466652937913268,0.004650783626968382,-0.019767690169292067
2024-10-21,0.027925544789729157,0.02077706934788606,0.005881726912280829,0.030026007229909956,0.013878827715998755,0.027819738029687468,-0.0023834223257621794,0.02444055452853171,0.030026007229909956,0.023459964376948386,0.018859225672032798,-0.029138503536801988,-0.025540076250821168,0.02749690329553609,0.009424926818249621
2024-10-22,0.0053012216774632,0.01175353328204223,0.0031312587054143633,0.012361718459412514,0.0009022681111558128,0.013078970927850516,0.0081689936165385,0.012346305035741939,0.012361718459412514,0.005057848893228433,0.00897475319575505,-0.011992171288937953,-0.013784363806063042,0.006461836620794762,0.0028382522288938677
2024-10-23,0.003146479989057085,-0.003549878351453508,0.00453503138433028,-0.00341218224891976,0.0008610218334381017,-0.007644434947333375,-0.0020593908198469316,-0.00949689358816892,-0.00341218224891976,0.017247350743102317,-0.008328778742760638,-0.003933675917687411,-0.005241543739589491,-0.0036461028121455665,0.004475558098137978
2024-10-24,0.0016747372489780666,-0.004754910040266067,0.00877597247522317,-0.015226408672796754,0.0061749247346119,-0.0037518395868972898,-0.0029976766802326687,-0.006756323846138135,-0.015226408672796754,-0.0007874519704676404,-0.012038478547484837,-0.005021967715744838,-0.011438540888226502,0.0115243866120446,-0.004501806528915832
2024-10-25,-0.00022060360851090347,-0.0025795111817023767,-0.007475198426288065,0.007418759115132118,-0.002937961405727607,0.0070501053632314676,0.0061674578321193685,0.004444264532668933,0.007418759115132118,0.003044323073504907,0.003485313412747518,-0.021425417050000388,-0.017382925886844296,0.012485237053565058,-0.014885545585101136
2024-10-28,0.0005338088432035316,0.011704553361061886,-0.010644916995750714,0.0024656326829419623,-0.008308271663130534,-0.0037612210158359935,-0.002542371564447734,0.002666985732373099,0.0024656326829419623,0.004517121571620866,-0.0006770881548534735,0.00709469376446439,0.011015718903651982,-0.013277977749156377,0.010584230170039044
2024-10-29,0.0026207911650121757,-0.012718902291119697,0.012666006323166227,-0.012983945305155876,0.022563856814021257,-0.015611184791792444,-0.017505541924774094,-0.02485449599089448,-0.012983945305155876,-0.013128251395763112,-0.008176574650470388,0.009245059798690733,0.02019296900721641,-0.0045454549534093,0.01461734907296166
2024-10-30,-0.042890383587766846,-0.027107576565308718,0.02762700090117355,-0.026154854662485877,0.022109576985290383,-0.04074566758665681,-0.010825158418131914,-0.02856385727721665,-0.026154854662485877,-0.013868355380117155,-0.05429239200275754,0.006605544034513488,0.011406161922921465,-0.022818150824763437,-0.01615208190133718
2024-10-31,0.05287239521585614,0.03137964521165612,0.01809463775653553,0.01761323269135448,0.027500461471469975,0.025579661230981408,0.0111201637943598,0.0228878808298155,0.01761323269135448,0.026161167079804693,0.03700066711675051,-0.024239424948449377,-0.006018374227773113,0.040805767172599615,0.02148169728781123
2024-11-01,0.004323332074626683,0.015639313430814105,-0.0086782973000588,0.006088833244266288,-0.01535131186822697,-0.005971222532107462,-0.004749912372169807,0.0018974675785667046,0.006088833244266288,0.017690197567979037,-0.005396383874138166,-0.011764007052114675,-0.0037036394650667966,0.016566166866065844,-0.006341959956089542
2024-11-04,-0.00644076477277631,0.0020375520650237717,-0.005086198586934832,-0.001447700788223879,-0.005691286497757152,0.0025856040891454033,-0.003224499931667587,0.00710049153474433,-0.001447700788223879,-0.0003121676673000176,-0.014442022456262188,-0.0036680201074188643,-0.006927906461914835,-0.003794750656028902,-0.018049493888512024
2024-11-05,0.007659893570528444,0.007605465328978573,0.005236191134295012,0.00669164533570628,-0.0044819701955957185,0.006558311711944051,-0.0006099824275053947,0.0036333350489686496,0.00669164533570628,-0.0035744956371246113,0.004146881623081937,-0.007166614935143104,-0.006936572933247989,-0.003210724563022927,-0.01388932648384358
2024-11-06,0.032972558680957775,-0.010989255869115186,-0.012312094213856886,0.0045594882638831,-0.016141680648309478,0.017322422700470623,0.01958413983096582,0.013589754111384791,0.0045594882638831,0.005808356481014805,0.03546435341790285,-0.009961044000145565,-0.022840235357928597,0.008671620919016321,0.01837089641749318
2024-11-07,-0.008026055549133031,0.03249412295193495,-0.01771814973645079,-0.004276698084147881,-0.01331315383867712,-0.011345579960872997,0.0018324775790298114,-0.00011752162274981476,-0.004276698084147881,0.024783738755422655,0.002961001539131283,-0.027071143179776352,-0.007973360159862247,0.013896589781680197,0.006146936683879105
2024-11-08,-0.057366001482773536,-0.03048156363179789,-0.02172161513128128,-0.01556799077028203,-0.026731072062310103,-0.017468476268218954,0.0025644097005890687,-0.012242018633158974,-0.01556799077028203,-0.001955710503761982,-0.02220632739479744,0.011538327422845775,0.01661258351605802,-0.03387774930836835,0.008109862393620468
2024-11-11,0.016806837795880325,0.020504118297727688,0.008966014286776104,-0.002314606754335923,-0.00046744258436738325,-0.00018207262503465115,0.012481601869114966,0.011065498471597053,-0.002314606754335923,0.010617158787951973,0.012162488740847292,-0.01379578170846853,-0.011664933826665407,0.01951579662481276,-0.002508699612405799
2024-11-12,0.003920806439003801,0.004813421053073771,-0.006349333136895798,-0.005650270993587138,-0.005253099677458594,0.0011789175340083085,-0.0018581829993652424,-0.0001467509841552711,-0.005650270993587138,-0.0022534111972720575,-0.007322572206575669,-0.00032339732246365854,-0.006371628504572517,0.0024904332181801317,-0.0039335695476413815
2024-11-13,0.03101855245851017,0.018030793216572687,0.02019194789497387,0.009167374173638403,0.020810804847359716,0.014045874100583005,-0.006266454543623095,0.023321135166232663,0.009167374173638403,0.015408115836865913,0.031105787414630687,-0.026357930766495882,-0.03095966874856291,0.03207204666271092,-0.0023040157333775574
2024-11-14,0.010054191020467193,-0.009044812334375305,0.013407970947719469,-0.010887715716379144,0.010518830876247956,-0.007082370417952317,0.0023613741113788847,-0.013262009267313789,-0.010887715716379144,-0.015336655483792837,0.0017151040716377184,0.008345593658116818,0.013760569311944448,0.007803632998613127,0.00963848880853538
2024-11-15,0.03622708864554235,0.03161406989779724,0.03028428368775934,0.03530074248713503,0.030178714823070708,0.030619823758165392,0.03746735269574976,0.031220901448691926,0.03530074248713503,0.027236431383614302,0.03575962592414533,-0.02928965770321112,-0.011962287748264055,0.038866990570938315,0.0001836733371331368
2024-11-18,-0.004836764407487396,0.020808473770251534,-0.006023699306687533,-0.0008365531593561922,-0.003962647354712112,-0.002750870583824083,-0.008168295106829001,-0.007841356498205663,-0.0008365531593561922,0.016187684464613543,0.003368830235054133,-0.02422353106540327,-0.015910737059015766,0.012360235355202049,-0.0003870219375311353
2024-11-19,-0.0014646027103927654,0.0019963166133239517,-0.00607831522826266,-0.011952732051615789,-0.0036530031824777696,-0.01620560987954035,-0.01481222878299142,-0.010346053249403455,-0.011952732051615789,0.005638824275116755,-0.007429233002343985,0.0007236837385936745,-0.002623857859989761,-0.0017716086054920628,-0.011325367216883783
2024-11-20,-0.004707257788129588,0.0032782715472179425,0.0004282912505367898,-0.002869661434504989,-0.00286399639911058,0.0009285895880329601,-0.004604661797538711,-0.002192404630997942,-0.002869661434504989,-0.00026569955441312976,0.0003175575353909913,-0.0009959333853191165,0.006307197319412758,-0.004833263833204136,-0.003354296494906525
2024-11-21,0.010029793225122804,-0.005261877062250294,0.005607269551870447,-0.0068466263775197635,0.0008375389517685201,0.0006834281965658939,-0.0025237184295983195,-0.008130711135862266,-0.0068466263775197635,-0.0001657863088322919,0.005273711257483781,0.004760867590315064,0.015438357882999028,0.002599144685921676,0.009883173481896301
2024-11-22,0.01175767710948461,-0.0027077302688547486,0.007725849332393231,0.002635345987254581,0.007870849961893378,0.005511700951402247,0.00969901338648991,0.01099958592613718,0.002635345987254581,0.01271806117947023,0.0048504317738923665,-0.009767818168747352,0.005638141423548035,0.017313289876800655,0.0029135776726824858
2024-11-25,0.013553601902640718,0.013263200048066168,0.0035992607658074283,0.011789760226856901,0.0020537453175308636,0.015130152235324648,0.02333052107142154,0.020101023024621193,0.011789760226856901,0.01099125037756772,0.019456675751185773,-0.004181047453807566,0.0015146809073522554,0.007004095217181708,-0.003481933315594687
2024-11-26,-0.006622709353170155,-0.006138214670090872,-0.003516277737331819,-0.015188880211224536,-0.005747408053557478,-0.005270876662687166,-0.014142889873411422,-0.01809433663442128,-0.015188880211224536,-0.00617922858992648,-0.015123788446482817,0.0030554719170459445,-0.006270633655278473,-0.009094389097492855,-0.00547537019029507
2024-11-27,-0.0037599613879119517,-0.0038529752280009595,0.0018240694716059173,0.0004348394846552617,0.003229628614626131,0.0035397245490423196,-0.0018930322660809227,0.004261166013832885,0.0004348394846552617,-0.005966984342855526,-0.008761460322523925,-0.00020871511949260328,0.0037215767669638374,-0.009520458791533199,0.0010634821879287513
2024-11-28,-0.013852331853156288,0.006895297613390654,-0.008928895956271042,0.00021339443536948742,-0.009191322260082251,-0.011377860659382354,-0.004735318469312286,-0.00048677554604925264,0.00021339443536948742,0.007192881191467981,-0.012602805272559678,-0.0006444762859371395,-0.008988728516244137,-0.012242052277088016,-0.0017162715767942054
2024-11-29,0.005744749125572859,0.007928761285037455,0.005171310075868992,0.008685336257337264,0.005463437509285185,0.0070880122508629045,-0.007330146679396147,0.0016717622627712319,0.008685336257337264,-0.003988131660919853,-0.0070178272424396854,-0.011354873627299521,-0.0066139648214149395,0.001707840781135312,0.003598015336711708
2024-12-02,0.014970990848470783,0.010209091412086372,0.01413104181800642,-0.003467031070676954,0.011483479009173342,-0.00026857199829796356,-0.007385192849523628,0.0014147924491898214,-0.003467031070676954,0.011298309303018964,0.015068788093425158,0.007202761933971565,0.015341067236361944,0.00736207896724393,0.0031004288736302173
2024-12-03,-0.003390064551093288,0.0083813973376987,0.002754869999686877,0.0011333772522692668,0.000494698559557049,-0.002618998290639485,0.007211700805876012,0.005135574404240109,0.0011333772522692668,-0.007891825706867093,0.008346758132479414,-0.0036226338215411386,0.011424915177715062,0.008920146751608788,0.010029621309739889
2024-12-04,-0.00017573907123489494,-0.005660416358893512,-0.0010747120336062441,0.008990866127919554,-0.0009204950003635898,0.004968280883195495,-0.00037220703097463426,-0.00376800791368955,0.008990866127919554,0.003946799596380273,-0.005105278870595147,-0.009372489802856739,-0.0005592739726804113,-0.007314442066850445,0.0015800760315163225
2024-12-05,0.0014925937865974577,0.003267004641040725,-0.0054166005858261755,0.0108495403202916,-0.005016032162810318,0.01630709943916379,0.013440821846332955,0.010251853127279234,0.0108495403202916,0.0021579354477872115,0.0046101706357142445,-0.006333990991926589,-0.0043258663999106795,0.004186092112790189,-0.0018740165280102556
2024-12-06,-0.013102926364026787,-0.0032423352954773534,-0.0013403914898861983,-0.0051916914934418724,0.00034290857866585336,-0.0029864594721568587,-0.0013843811644886326,-0.011299895885689432,-0.0051916914934418724,-0.005335138416941818,-0.00908947350912377,0.004821179747354312,0.0025290985011996114,-0.005717354146450999,0.0026668449564236415
2024-12-09,0.007909529706417385,-0.0008363867779094605,0.0016695494107919727,-0.004092786784560093,-0.00072439591954171,0.00286706563712754,-0.0038577853334399656,0.0051790531420059524,-0.004092786784560093,-0.004803353276679736,0.0034475404180009813,-0.006083395221649844,-0.00455981364224561,0.006409512963824492,-0.003146540048797836
2024-12-10,-0.00988855243787771,-0.012886938359516395,0.009795666358825778,-0.000727148637124009,0.007374733124418981,0.0006598136617124035,0.00335535751709916,-0.005686960387203178,-0.000727148637124009,-0.003871714915453512,-0.002168853475053527,0.011231494851739129,0.0009810300682504063,-0.012366444933441188,0.0015214937860505485
2024-12-11,0.003956880350575923,0.008728108926625035,-0.009427180120101318,0.0015952575764836105,-0.008224075275116913,-0.00021895963601379332,0.001626765822776395,0.004792847241482971,0.0015952575764836105,0.0004460400983381603,0.014828961966237498,-0.00382090777467022,-0.002990270844708979,0.013393999857358873,0.0004981477559585428
2024-12-12,-0.009214591478890498,0.0036532730449591786,0.0076023543718628985,0.0018409414758533914,0.01096708318556441,0.0011887348637054848,0.005745669434297014,-0.001750777058279585,0.0018409414758533914,-0.000872213351666744,-0.0035551401817536486,0.002990825908753544,0.004094812364229504,-0.0036423308478841397,0.0035419738421799797
2024-12-13,0.0001482220226781285,0.009375987988209374,0.004941917298533844,0.010765446647382835,0.00415734961474029,0.0033038004921950945,0.01147257439925597,0.011811983595209751,0.010765446647382835,-0.006580882117026455,0.015154900202161212,0.011648400448716649,0.01124476234196978,-0.009991484529478399,-0.002753387900564319
2024-12-16,9.591438508365979e-05,-0.009863233274362816,0.0038373877543217637,-0.0010908673737873068,0.004349946117878556,0.005586698767058199,0.004053766275053818,0.0026749894119997373,-0.0010908673737873068,-0.011120200295376,0.011416072046226208,0.00508372836710935,0.00708581921120918,-0.008184655631644467,-0.001056859134652608
2024-12-17,-0.004150776033223287,-0.009027668215139392,-0.004098849001715426,-0.0015322148588233294,-0.003938401375278211,-0.00021577341722357724,-0.0061744061450462445,-0.005659966175736396,-0.0015322148588233294,-0.017609756431473955,-0.0019321770169811268,0.00689052320315432,0.0017621872629080566,-0.006896610136435714,-0.005268183073241607
2024-12-18,-0.026062837103859374,-0.02708419823442025,-0.01365990500669989,0.0068649645122350385,-0.014620649399183297,0.008288269003527143,-0.009582595300983762,0.004253441096707461,0.0068649645122350385,-0.04357433630860159,-0.003527195779977736,0.025466176337000598,-0.004244719534932539,-0.03426391262251665,0.012885558146958171
2024-12-19,0.0010899392863345406,-0.00011128433846211829,-0.011208977250240917,0.004728431451414985,-0.01543338880785713,0.0072554348364510576,0.005002448503654725,0.013097466082540213,0.004728431451414985,-0.008218837881839334,0.01735630182808859,-0.000175060490561771,0.001688496547591994,0.0026502552136769717,-0.01512508124450267
2024-12-20,0.005573543391644378,0.0110055232817168,0.017914166556672394,-0.01150780047759467,0.022475559654817477,-0.014640857171625764,-0.0003534708455637256,0.0007867232309227829,-0.01150780047759467,0.02052946623430641,0.003242579886199634,0.0014897796346811918,0.01951444737189177,0.008736013114238932,0.004571012429256366
2024-12-23,0.0019117589315763817,-0.002106331320361554,-9.385716402635541e-05,0.0019088791580785774,0.002296255556341775,0.003419979837693728,0.002618318430643956,0.0032025173185398817,0.0019088791580785774,-0.004967213230656573,0.00017363126695257988,0.001638620619553055,0.003300617253786877,-0.004875948082060491,-0.003779622844458586
2024-12-24,-0.021557300679879703,-0.015175845699805159,-0.0004501646541675107,-0.015856128940902568,-0.0010699416939346546,-0.010465535705858786,-0.004982905901108495,-0.014542103622137498,-0.015856128940902568,-0.0017825047117978091,-0.011092428124887338,0.017920135230076385,0.011306004733358507,-0.015970686013057622,-0.0037653041121519155
2024-12-25,-0.027138788677267666,-0.010311310471664675,-0.025004452728750147,-0.019174718965524917,-0.02368489797771313,-0.00893524205919271,-0.013568302165898348,-0.029801298617321954,-0.019174718965524917,0.025712452561966803,-0.024926854126834506,-0.007633375304386721,-0.014985309703359963,-0.01805093951136357,-0.013129285167438158
2024-12-26,0.012488899924003411,0.009086426167470109,0.0030802615485604158,0.01466715829144751,0.005509167051970349,0.0034071906809095315,0.016472982266154297,0.01568974404035939,0.01466715829144751,0.01698234659471011,0.010939272421611945,-0.007249179458422125,-0.0023159912406520273,0.011240887569147946,0.0031028721842115384
2024-12-27,-0.014010863409201607,-0.009271973387671642,0.004438051066649485,-0.011500044973312914,0.007689659592722375,-0.014239124736958528,-0.014097031109322243,-0.018619495514802253,-0.011500044973312914,-0.003398375032895903,-0.013286657772836183,0.012283680920472263,0.01376652126875866,-0.010835578813846447,-0.007780045284201317
2024-12-30,0.006569439412880451,0.006688508392721345,-0.0010589193596869722,0.003710525718980339,0.0019490115738147644,0.00557981800554541,0.01112420392498883,0.015944337272161036,0.003710525718980339,0.012397624517774155,0.0195264368735758,-0.006727794820047587,0.005891800650636767,0.010296354022008632,0.011996533308983233
2024-12-31,-0.00012000000000000003,-0.00032,-8e-05,-0.00016,0.0,-0.00016,-0.00044000000000000007,-0.0002,-0.00016,-0.0005200000000000001,-0.00016,-0.00028,-0.00016,-0.0004,-0.0004800000000000001
